site,config,seed,norm_MSE,norm_MAE,raw_MSE
56,FC_NoLSTM,42,0.119534515,0.2389104,0.9733623
56,FC_NoLSTM,123,0.124984495,0.25048745,1.017741
56,FC_NoLSTM,456,0.13811864,0.2659759,1.1246915
56,FC_NoLSTM,789,0.1151271,0.23707397,0.9374727
56,FC_NoLSTM,2026,0.14619105,0.26554632,1.1904247
56,FC_NoLSTM,11,0.12215572,0.24731483,0.9947065
56,FC_NoLSTM,22,0.12065441,0.24268807,0.98248136
56,FC_NoLSTM,33,0.131942,0.25558934,1.0743954
56,FC_NoLSTM,44,0.13261908,0.2648962,1.079909
56,FC_NoLSTM,55,0.12052229,0.24338359,0.9814055
56,M5_NoLSTM,42,0.13588893,0.2679539,1.1065352
56,M5_NoLSTM,123,0.120331705,0.2379367,0.97985363
56,M5_NoLSTM,456,0.12096787,0.24328052,0.98503387
56,M5_NoLSTM,789,0.12845363,0.26112944,1.0459901
56,M5_NoLSTM,2026,0.12333644,0.25356314,1.004321
56,M5_NoLSTM,11,0.13977978,0.26427075,1.1382182
56,M5_NoLSTM,22,0.13145323,0.25286758,1.0704155
56,M5_NoLSTM,33,0.12234588,0.24520549,0.99625486
56,M5_NoLSTM,44,0.11685805,0.23816057,0.9515679
56,M5_NoLSTM,55,0.11693729,0.23717995,0.9522131
73,FC_NoLSTM,42,0.1246496,0.2491487,0.96611977
73,FC_NoLSTM,123,0.14389318,0.27371106,1.1152709
73,FC_NoLSTM,456,0.14322893,0.27129838,1.1101224
73,FC_NoLSTM,789,0.119941905,0.24024978,0.929632
73,FC_NoLSTM,2026,0.13625635,0.2628282,1.0560802
73,FC_NoLSTM,11,0.13009758,0.260075,1.0083457
73,FC_NoLSTM,22,0.128843,0.2568127,0.9986216
73,FC_NoLSTM,33,0.13458969,0.2549874,1.0431623
73,FC_NoLSTM,44,0.12954848,0.26439127,1.0040896
73,FC_NoLSTM,55,0.12169265,0.2433448,0.9432016
73,M5_NoLSTM,42,0.13661893,0.2723032,1.0588903
73,M5_NoLSTM,123,0.13201283,0.2476682,1.02319
73,M5_NoLSTM,456,0.120406024,0.24927332,0.9332294
73,M5_NoLSTM,789,0.13566895,0.269968,1.0515275
73,M5_NoLSTM,2026,0.1250834,0.25681734,0.969482
73,M5_NoLSTM,11,0.12353367,0.24740218,0.9574708
73,M5_NoLSTM,22,0.12549467,0.24910183,0.97266984
73,M5_NoLSTM,33,0.12312122,0.24863684,0.95427376
73,M5_NoLSTM,44,0.11915261,0.23983021,0.9235145
73,M5_NoLSTM,55,0.114684016,0.22847411,0.8888797
11,FC_NoLSTM,42,0.268862,0.419261,6053.5386
11,FC_NoLSTM,123,0.28108582,0.43358704,6328.764
11,FC_NoLSTM,456,0.25705087,0.40536258,5787.6064
11,FC_NoLSTM,789,0.27723762,0.42805293,6242.12
11,FC_NoLSTM,2026,0.26758942,0.42476094,6024.887
11,FC_NoLSTM,11,0.26875848,0.4241739,6051.2085
11,FC_NoLSTM,22,0.2612957,0.41308674,5883.182
11,FC_NoLSTM,33,0.26314944,0.4136579,5924.9185
11,FC_NoLSTM,44,0.26592538,0.4194234,5987.4204
11,FC_NoLSTM,55,0.2494257,0.40485743,5615.9233
11,M5_NoLSTM,42,0.27116883,0.4177246,6105.479
11,M5_NoLSTM,123,0.27919945,0.4274261,6286.2925
11,M5_NoLSTM,456,0.24178739,0.3976853,5443.9443
11,M5_NoLSTM,789,0.244046,0.39824232,5494.798
11,M5_NoLSTM,2026,0.23415193,0.39667606,5272.0273
11,M5_NoLSTM,11,0.25208238,0.3987838,5675.7397
11,M5_NoLSTM,22,0.2726331,0.42410758,6138.4473
11,M5_NoLSTM,33,0.25843838,0.4162532,5818.8467
11,M5_NoLSTM,44,0.2708047,0.42385197,6097.281
11,M5_NoLSTM,55,0.27452165,0.42324555,6180.9688
67,FC_NoLSTM,42,0.13428164,0.26429757,0.69920015
67,FC_NoLSTM,123,0.13640769,0.2815846,0.7102704
67,FC_NoLSTM,456,0.16518418,0.31162193,0.8601086
67,FC_NoLSTM,789,0.15799049,0.30055016,0.82265127
67,FC_NoLSTM,2026,0.15575644,0.2950356,0.81101865
67,FC_NoLSTM,11,0.13945073,0.2782971,0.72611535
67,FC_NoLSTM,22,0.13872166,0.28389755,0.7223191
67,FC_NoLSTM,33,0.18448375,0.32444528,0.9606009
67,FC_NoLSTM,44,0.14584175,0.29075482,0.7593932
67,FC_NoLSTM,55,0.15335542,0.30156395,0.7985165
67,M5_NoLSTM,42,0.1455593,0.28369838,0.7579225
67,M5_NoLSTM,123,0.13605864,0.2751957,0.7084529
67,M5_NoLSTM,456,0.12974131,0.26680884,0.6755588
67,M5_NoLSTM,789,0.13615575,0.28057933,0.7089586
67,M5_NoLSTM,2026,0.119660765,0.26364002,0.62306964
67,M5_NoLSTM,11,0.13293763,0.27885377,0.6922019
67,M5_NoLSTM,22,0.12700361,0.2597347,0.66130364
67,M5_NoLSTM,33,0.14879109,0.289076,0.7747503
67,M5_NoLSTM,44,0.15597391,0.2975057,0.812151
67,M5_NoLSTM,55,0.12579754,0.26667804,0.6550236
79,FC_NoLSTM,42,0.15951568,0.32129443,1.4172709
79,FC_NoLSTM,123,0.2089324,0.35714644,1.8563302
79,FC_NoLSTM,456,0.15800571,0.31087875,1.4038551
79,FC_NoLSTM,789,0.21758436,0.35898438,1.9332018
79,FC_NoLSTM,2026,0.17323437,0.32373825,1.539159
79,FC_NoLSTM,11,0.15389104,0.308723,1.3672968
79,FC_NoLSTM,22,0.18599683,0.32618764,1.6525514
79,FC_NoLSTM,33,0.15562241,0.31306523,1.3826797
79,FC_NoLSTM,44,0.17118765,0.32562876,1.5209744
79,FC_NoLSTM,55,0.1797941,0.3326832,1.5974413
79,M5_NoLSTM,42,0.19330463,0.37781438,1.7174803
79,M5_NoLSTM,123,0.17181306,0.31560212,1.5265307
79,M5_NoLSTM,456,0.17493528,0.35306323,1.5542715
79,M5_NoLSTM,789,0.18704887,0.3372805,1.6618987
79,M5_NoLSTM,2026,0.17780535,0.33312687,1.5797715
79,M5_NoLSTM,11,0.1887599,0.3544046,1.6771008
79,M5_NoLSTM,22,0.17681463,0.33131507,1.5709696
79,M5_NoLSTM,33,0.17894684,0.33078423,1.5899136
79,M5_NoLSTM,44,0.15027203,0.29746327,1.3351423
79,M5_NoLSTM,55,0.1637069,0.3246898,1.454509
LSKN,FC_NoLSTM,42,0.15863274,0.30329546,120701464.0
LSKN,FC_NoLSTM,123,0.13589033,0.27781644,103397080.0
LSKN,FC_NoLSTM,456,0.1535412,0.30288944,116827390.0
LSKN,FC_NoLSTM,789,0.1643362,0.3094399,125041160.0
LSKN,FC_NoLSTM,2026,0.15119076,0.2850845,115038980.0
LSKN,FC_NoLSTM,11,0.17107646,0.3256755,130169736.0
LSKN,FC_NoLSTM,22,0.14912103,0.29218528,113464150.0
LSKN,FC_NoLSTM,33,0.14831433,0.28951716,112850340.0
LSKN,FC_NoLSTM,44,0.15851623,0.31593773,120612820.0
LSKN,FC_NoLSTM,55,0.16501977,0.31289002,125561270.0
LSKN,M5_NoLSTM,42,0.1337068,0.27242512,101735650.0
LSKN,M5_NoLSTM,123,0.15337454,0.30405852,116700560.0
LSKN,M5_NoLSTM,456,0.13731764,0.26857543,104483090.0
LSKN,M5_NoLSTM,789,0.13751465,0.27925065,104633000.0
LSKN,M5_NoLSTM,2026,0.1404648,0.27186105,106877740.0
LSKN,M5_NoLSTM,11,0.13290255,0.265293,101123720.0
LSKN,M5_NoLSTM,22,0.14120093,0.2866202,107437850.0
LSKN,M5_NoLSTM,33,0.15007304,0.29580426,114188530.0
LSKN,M5_NoLSTM,44,0.13987958,0.26409984,106432460.0
LSKN,M5_NoLSTM,55,0.14967473,0.30454755,113885450.0
SQ1,FC_NoLSTM,42,0.16398823,0.30025128,31345438.0
SQ1,FC_NoLSTM,123,0.1588363,0.29168782,30360676.0
SQ1,FC_NoLSTM,456,0.15255116,0.29262146,29159308.0
SQ1,FC_NoLSTM,789,0.15414356,0.28573656,29463688.0
SQ1,FC_NoLSTM,2026,0.16442871,0.29280725,31429636.0
SQ1,FC_NoLSTM,11,0.16886717,0.31464392,32278024.0
SQ1,FC_NoLSTM,22,0.16129409,0.31370714,30830468.0
SQ1,FC_NoLSTM,33,0.15727814,0.29455566,30062842.0
SQ1,FC_NoLSTM,44,0.17158733,0.32459995,32797970.0
SQ1,FC_NoLSTM,55,0.15566999,0.2956911,29755454.0
SQ1,M5_NoLSTM,42,0.1484164,0.28015634,28368968.0
SQ1,M5_NoLSTM,123,0.16294764,0.31346416,31146538.0
SQ1,M5_NoLSTM,456,0.15387008,0.28825197,29411410.0
SQ1,M5_NoLSTM,789,0.14444341,0.273026,27609560.0
SQ1,M5_NoLSTM,2026,0.15779345,0.30410004,30161342.0
SQ1,M5_NoLSTM,11,0.14257576,0.28031576,27252566.0
SQ1,M5_NoLSTM,22,0.17061709,0.32546636,32612514.0
SQ1,M5_NoLSTM,33,0.1427289,0.2782885,27281836.0
SQ1,M5_NoLSTM,44,0.15655933,0.28264752,29925446.0
SQ1,M5_NoLSTM,55,0.14710622,0.30257875,28118540.0
UG7,FC_NoLSTM,42,0.17782511,0.30665314,27820008.0
UG7,FC_NoLSTM,123,0.1883684,0.30393973,29469462.0
UG7,FC_NoLSTM,456,0.22216521,0.341425,34756830.0
UG7,FC_NoLSTM,789,0.17776273,0.2954374,27810250.0
UG7,FC_NoLSTM,2026,0.21798132,0.34740362,34102280.0
UG7,FC_NoLSTM,11,0.20931342,0.33252928,32746230.0
UG7,FC_NoLSTM,22,0.19135308,0.30536616,29936400.0
UG7,FC_NoLSTM,33,0.19525807,0.30160493,30547324.0
UG7,FC_NoLSTM,44,0.1830996,0.32644016,28645178.0
UG7,FC_NoLSTM,55,0.18331265,0.29822308,28678506.0
UG7,M5_NoLSTM,42,0.21027195,0.34626326,32896176.0
UG7,M5_NoLSTM,123,0.17145434,0.29496035,26823330.0
UG7,M5_NoLSTM,456,0.18055105,0.28998023,28246474.0
UG7,M5_NoLSTM,789,0.20355295,0.31226766,31845022.0
UG7,M5_NoLSTM,2026,0.19720982,0.30551645,30852670.0
UG7,M5_NoLSTM,11,0.19354318,0.31252873,30279036.0
UG7,M5_NoLSTM,22,0.18246274,0.31466568,28545540.0
UG7,M5_NoLSTM,33,0.186614,0.3098567,29194996.0
UG7,M5_NoLSTM,44,0.1835691,0.28944448,28718630.0
UG7,M5_NoLSTM,55,0.17158394,0.30051172,26843606.0
Zone_J1,FC_NoLSTM,42,0.14610058069229126,0.28017598390579224,
Zone_J1,FC_NoLSTM,123,0.16538143157958984,0.29200130701065063,
Zone_J1,FC_NoLSTM,456,0.14834298193454742,0.2829754948616028,
Zone_J1,FC_NoLSTM,789,0.147292822599411,0.2883290648460388,
Zone_J1,FC_NoLSTM,2026,0.1598418802022934,0.3161979615688324,
Zone_J1,FC_NoLSTM,11,0.13274717330932617,0.26274049282073975,
Zone_J1,FC_NoLSTM,22,0.1773710995912552,0.3176373243331909,
Zone_J1,FC_NoLSTM,33,0.15248656272888184,0.2900351285934448,
Zone_J1,FC_NoLSTM,44,0.1489676535129547,0.2963424324989319,
Zone_J1,FC_NoLSTM,55,0.1444372683763504,0.2803967297077179,
Zone_J1,M5_NoLSTM,42,0.1393551379442215,0.2637420892715454,
Zone_J1,M5_NoLSTM,123,0.14554555714130402,0.2799654006958008,
Zone_J1,M5_NoLSTM,456,0.12819939851760864,0.26131996512413025,
Zone_J1,M5_NoLSTM,789,0.14772754907608032,0.2801818549633026,
Zone_J1,M5_NoLSTM,2026,0.15117578208446503,0.2958407998085022,
Zone_J1,M5_NoLSTM,11,0.1498260200023651,0.2807628810405731,
Zone_J1,M5_NoLSTM,22,0.1348545402288437,0.26149263978004456,
Zone_J1,M5_NoLSTM,33,0.14053088426589966,0.27973368763923645,
Zone_J1,M5_NoLSTM,44,0.1387762725353241,0.2757662534713745,
Zone_J1,M5_NoLSTM,55,0.1311832070350647,0.26715943217277527,
UG3,FC_NoLSTM,42,0.15665005147457123,0.2908641993999481,
UG3,FC_NoLSTM,123,0.14904429018497467,0.2803965210914612,
UG3,FC_NoLSTM,456,0.15592186152935028,0.2921657860279083,
UG3,FC_NoLSTM,789,0.16064894199371338,0.2990477383136749,
UG3,FC_NoLSTM,2026,0.16998204588890076,0.3173026442527771,
UG3,FC_NoLSTM,11,0.1803574413061142,0.3295723795890808,
UG3,FC_NoLSTM,22,0.17846128344535828,0.3253929316997528,
UG3,FC_NoLSTM,33,0.15519335865974426,0.28644055128097534,
UG3,FC_NoLSTM,44,0.1574566513299942,0.29318296909332275,
UG3,FC_NoLSTM,55,0.17829447984695435,0.3179703950881958,
UG3,M5_NoLSTM,42,0.17017483711242676,0.31924158334732056,
UG3,M5_NoLSTM,123,0.15322960913181305,0.29464223980903625,
UG3,M5_NoLSTM,456,0.1469556838274002,0.27859845757484436,
UG3,M5_NoLSTM,789,0.14260555803775787,0.27118322253227234,
UG3,M5_NoLSTM,2026,0.16119274497032166,0.3069084584712982,
UG3,M5_NoLSTM,11,0.14207838475704193,0.27687597274780273,
UG3,M5_NoLSTM,22,0.16122840344905853,0.3062649369239807,
UG3,M5_NoLSTM,33,0.1438256949186325,0.274396687746048,
UG3,M5_NoLSTM,44,0.15164893865585327,0.2846153974533081,
UG3,M5_NoLSTM,55,0.1649223119020462,0.3139156103134155,
SQ2,FC_NoLSTM,42,0.11570334434509277,0.2593483626842499,
SQ2,FC_NoLSTM,123,0.11336309462785721,0.2474544197320938,
SQ2,FC_NoLSTM,456,0.11826835572719574,0.2602907121181488,
SQ2,FC_NoLSTM,789,0.11945370584726334,0.2658059895038605,
SQ2,FC_NoLSTM,2026,0.12372122704982758,0.2588724195957184,
SQ2,FC_NoLSTM,11,0.12466312199831009,0.2747304141521454,
SQ2,FC_NoLSTM,22,0.12231656163930893,0.2703033685684204,
SQ2,FC_NoLSTM,33,0.11999625712633133,0.26511746644973755,
SQ2,FC_NoLSTM,44,0.12538035213947296,0.2724876403808594,
SQ2,FC_NoLSTM,55,0.11423830687999725,0.25146591663360596,
SQ2,M5_NoLSTM,42,0.11044237017631531,0.24842454493045807,
SQ2,M5_NoLSTM,123,0.11080096662044525,0.24824002385139465,
SQ2,M5_NoLSTM,456,0.11284750699996948,0.24459795653820038,
SQ2,M5_NoLSTM,789,0.10908426344394684,0.2400488257408142,
SQ2,M5_NoLSTM,2026,0.11415088176727295,0.25455811619758606,
SQ2,M5_NoLSTM,11,0.11582863330841064,0.26042431592941284,
SQ2,M5_NoLSTM,22,0.12963373959064484,0.2832217812538147,
SQ2,M5_NoLSTM,33,0.10430558025836945,0.24344566464424133,
SQ2,M5_NoLSTM,44,0.10085755586624146,0.2385123372077942,
SQ2,M5_NoLSTM,55,0.10284595191478729,0.24480092525482178,
Zone_D,FC_NoLSTM,42,0.14755475521087646,0.27157923579216003,
Zone_D,FC_NoLSTM,123,0.14363326132297516,0.2816901206970215,
Zone_D,FC_NoLSTM,456,0.13158662617206573,0.2636583149433136,
Zone_D,FC_NoLSTM,789,0.13814416527748108,0.25682130455970764,
Zone_D,FC_NoLSTM,2026,0.14121347665786743,0.2604414224624634,
Zone_D,FC_NoLSTM,11,0.12355863302946091,0.25626251101493835,
Zone_D,FC_NoLSTM,22,0.14529769122600555,0.268057644367218,
Zone_D,FC_NoLSTM,33,0.13856181502342224,0.25981974601745605,
Zone_D,FC_NoLSTM,44,0.13859739899635315,0.2636519968509674,
Zone_D,FC_NoLSTM,55,0.14661391079425812,0.27352282404899597,
Zone_D,M5_NoLSTM,42,0.13059189915657043,0.2511831820011139,
Zone_D,M5_NoLSTM,123,0.12457171827554703,0.2554737329483032,
Zone_D,M5_NoLSTM,456,0.12443561106920242,0.243012934923172,
Zone_D,M5_NoLSTM,789,0.12415226548910141,0.2701588273048401,
Zone_D,M5_NoLSTM,2026,0.12685492634773254,0.23848362267017365,
Zone_D,M5_NoLSTM,11,0.13505961000919342,0.26509469747543335,
Zone_D,M5_NoLSTM,22,0.1258266717195511,0.250461220741272,
Zone_D,M5_NoLSTM,33,0.12902718782424927,0.24454660713672638,
Zone_D,M5_NoLSTM,44,0.1242569088935852,0.2649506628513336,
Zone_D,M5_NoLSTM,55,0.12774302065372467,0.2567198574542999,
