site,config,seed,norm_MSE,norm_MAE,best_epoch
Indoor,FC,42,0.13324456,0.25034687,17
Indoor,FC,123,0.14459662,0.25821096,19
Indoor,FC,456,0.14363153,0.24160117,39
Indoor,FC,789,0.12678556,0.23652819,19
Indoor,FC,2026,0.15285726,0.27158257,25
Indoor,FC,11,0.14597704,0.24922088,30
Indoor,FC,22,0.14492375,0.24662133,26
Indoor,FC,33,0.13584699,0.2529825,28
Indoor,FC,44,0.1277411,0.24890123,10
Indoor,FC,55,0.14774674,0.24849421,33
Indoor,KANConv_M5,42,0.16173856,0.25695482,21
Indoor,KANConv_M5,123,0.1443807,0.24660464,31
Indoor,KANConv_M5,456,0.13153127,0.2517027,15
Indoor,KANConv_M5,789,0.13313335,0.24148595,27
Indoor,KANConv_M5,2026,0.14234626,0.25529295,13
Indoor,KANConv_M5,11,0.13287905,0.24578059,18
Indoor,KANConv_M5,22,0.14163375,0.25052816,17
Indoor,KANConv_M5,33,0.14059588,0.24796534,16
Indoor,KANConv_M5,44,0.1443803,0.24936768,19
Indoor,KANConv_M5,55,0.15240121,0.25390434,16
LSKS,FC,42,0.107196435,0.22972545,16
LSKS,FC,123,0.1156959,0.24635267,9
LSKS,FC,456,0.10657992,0.2314651,13
LSKS,FC,789,0.118855424,0.2595388,5
LSKS,FC,2026,0.11846186,0.23737374,15
LSKS,FC,11,0.11575507,0.23642136,13
LSKS,FC,22,0.12783432,0.26837242,7
LSKS,FC,33,0.113740504,0.24019791,11
LSKS,FC,44,0.12103607,0.2514124,9
LSKS,FC,55,0.12098814,0.25903153,6
LSKS,KANConv_M5,42,0.11219788,0.2242529,27
LSKS,KANConv_M5,123,0.10689213,0.22960515,24
LSKS,KANConv_M5,456,0.1120787,0.22605915,22
LSKS,KANConv_M5,789,0.12806344,0.26739874,7
LSKS,KANConv_M5,2026,0.11571592,0.23366447,23
LSKS,KANConv_M5,11,0.10846061,0.22219643,24
LSKS,KANConv_M5,22,0.107662335,0.2312073,15
LSKS,KANConv_M5,33,0.12518834,0.26276726,5
LSKS,KANConv_M5,44,0.11545461,0.23408556,15
LSKS,KANConv_M5,55,0.11602723,0.24933675,6
SQ2,FC,42,0.08958412,0.2083523,14
SQ2,FC,123,0.08546739,0.19382882,15
SQ2,FC,456,0.0915957,0.2060516,16
SQ2,FC,789,0.09403477,0.21447746,15
SQ2,FC,2026,0.09377296,0.20695457,20
SQ2,FC,11,0.091380134,0.2150307,14
SQ2,FC,22,0.09557818,0.20465049,13
SQ2,FC,33,0.10155377,0.21499918,10
SQ2,FC,44,0.092282295,0.20598982,11
SQ2,FC,55,0.09739231,0.21813512,7
SQ2,KANConv_M5,42,0.087904565,0.20933066,20
SQ2,KANConv_M5,123,0.085936144,0.19385888,33
SQ2,KANConv_M5,456,0.09681497,0.20442076,15
SQ2,KANConv_M5,789,0.08698504,0.1991655,28
SQ2,KANConv_M5,2026,0.08747842,0.19811256,21
SQ2,KANConv_M5,11,0.08396755,0.1915085,19
SQ2,KANConv_M5,22,0.08652332,0.21000777,7
SQ2,KANConv_M5,33,0.08910232,0.2059071,10
SQ2,KANConv_M5,44,0.09310427,0.2004435,36
SQ2,KANConv_M5,55,0.08991956,0.20381254,14
SQ3,FC,42,0.060402017,0.1680306,35
SQ3,FC,123,0.0553804,0.16151832,22
SQ3,FC,456,0.059810605,0.16846754,24
SQ3,FC,789,0.059616163,0.16373509,27
SQ3,FC,2026,0.053806074,0.15597667,29
SQ3,FC,11,0.053587098,0.163546,26
SQ3,FC,22,0.057951793,0.16157953,39
SQ3,FC,33,0.056718495,0.16343182,20
SQ3,FC,44,0.057485804,0.1613473,26
SQ3,FC,55,0.062271688,0.17420353,19
SQ3,KANConv_M5,42,0.05832855,0.16110626,35
SQ3,KANConv_M5,123,0.053981867,0.15534985,43
SQ3,KANConv_M5,456,0.05452206,0.15075232,18
SQ3,KANConv_M5,789,0.05854993,0.16864213,38
SQ3,KANConv_M5,2026,0.055916704,0.16499847,30
SQ3,KANConv_M5,11,0.062003855,0.17488648,18
SQ3,KANConv_M5,22,0.059577595,0.16473532,23
SQ3,KANConv_M5,33,0.057960816,0.16230658,35
SQ3,KANConv_M5,44,0.05553702,0.15915123,46
SQ3,KANConv_M5,55,0.05461924,0.15913971,40
SQ4,FC,42,0.11831153,0.23224044,17
SQ4,FC,123,0.10499932,0.23173021,11
SQ4,FC,456,0.11818834,0.24909669,9
SQ4,FC,789,0.12048822,0.23676799,16
SQ4,FC,2026,0.11921036,0.25277415,7
SQ4,FC,11,0.10884153,0.24038596,9
SQ4,FC,22,0.12106134,0.25719017,8
SQ4,FC,33,0.12002122,0.238742,9
SQ4,FC,44,0.123944186,0.25944135,7
SQ4,FC,55,0.11690817,0.24322048,7
SQ4,KANConv_M5,42,0.11924128,0.25394607,6
SQ4,KANConv_M5,123,0.10474687,0.2274133,16
SQ4,KANConv_M5,456,0.114064895,0.23188226,10
SQ4,KANConv_M5,789,0.11175107,0.24491248,9
SQ4,KANConv_M5,2026,0.12150821,0.2493064,7
SQ4,KANConv_M5,11,0.11320597,0.23166806,13
SQ4,KANConv_M5,22,0.10998502,0.24154912,6
SQ4,KANConv_M5,33,0.115878426,0.24194309,8
SQ4,KANConv_M5,44,0.119372495,0.24057785,14
SQ4,KANConv_M5,55,0.113571174,0.2322793,13
SQ567,FC,42,0.116594404,0.23856671,23
SQ567,FC,123,0.11328422,0.24955985,9
SQ567,FC,456,0.11454189,0.24460635,13
SQ567,FC,789,0.10256836,0.22996642,15
SQ567,FC,2026,0.11634589,0.24240059,21
SQ567,FC,11,0.121988125,0.2541506,12
SQ567,FC,22,0.12081449,0.2448696,14
SQ567,FC,33,0.11154235,0.238181,20
SQ567,FC,44,0.12206511,0.24901848,16
SQ567,FC,55,0.118824035,0.24198733,25
SQ567,KANConv_M5,42,0.11054502,0.23428242,14
SQ567,KANConv_M5,123,0.10957099,0.2321692,26
SQ567,KANConv_M5,456,0.122055024,0.24616173,11
SQ567,KANConv_M5,789,0.1069758,0.2333491,13
SQ567,KANConv_M5,2026,0.1247316,0.24083528,15
SQ567,KANConv_M5,11,0.109107345,0.22641064,22
SQ567,KANConv_M5,22,0.12621668,0.260659,8
SQ567,KANConv_M5,33,0.1128026,0.24083254,13
SQ567,KANConv_M5,44,0.11820728,0.23677978,18
SQ567,KANConv_M5,55,0.11646166,0.24120896,12
SQ_A13_24,FC,42,0.1406759,0.27606675,9
SQ_A13_24,FC,123,0.14561008,0.27546075,13
SQ_A13_24,FC,456,0.13735574,0.26159358,21
SQ_A13_24,FC,789,0.12887833,0.25609857,20
SQ_A13_24,FC,2026,0.12883666,0.25873065,12
SQ_A13_24,FC,11,0.12422419,0.25006637,16
SQ_A13_24,FC,22,0.13943113,0.2640096,22
SQ_A13_24,FC,33,0.1384391,0.2666261,22
SQ_A13_24,FC,44,0.1434905,0.26787773,16
SQ_A13_24,FC,55,0.14448512,0.27964982,20
SQ_A13_24,KANConv_M5,42,0.13768826,0.26401815,26
SQ_A13_24,KANConv_M5,123,0.1240311,0.25270653,12
SQ_A13_24,KANConv_M5,456,0.13848189,0.26841894,12
SQ_A13_24,KANConv_M5,789,0.13111325,0.25000834,21
SQ_A13_24,KANConv_M5,2026,0.13821812,0.26211232,34
SQ_A13_24,KANConv_M5,11,0.12138764,0.24943307,13
SQ_A13_24,KANConv_M5,22,0.12800892,0.26114896,17
SQ_A13_24,KANConv_M5,33,0.13194978,0.2595895,15
SQ_A13_24,KANConv_M5,44,0.1457532,0.2849775,9
SQ_A13_24,KANConv_M5,55,0.13399416,0.26906443,9
SQ_A1_12,FC,42,0.15069588,0.2781942,14
SQ_A1_12,FC,123,0.14676458,0.28347322,12
SQ_A1_12,FC,456,0.14669363,0.274407,16
SQ_A1_12,FC,789,0.14277962,0.2689888,25
SQ_A1_12,FC,2026,0.14217465,0.27244985,13
SQ_A1_12,FC,11,0.14251141,0.27409747,13
SQ_A1_12,FC,22,0.13939136,0.26665917,15
SQ_A1_12,FC,33,0.14581013,0.2773764,14
SQ_A1_12,FC,44,0.15197583,0.2906546,11
SQ_A1_12,FC,55,0.14015557,0.27972353,10
SQ_A1_12,KANConv_M5,42,0.15243739,0.29184934,11
SQ_A1_12,KANConv_M5,123,0.14600831,0.27959898,12
SQ_A1_12,KANConv_M5,456,0.15565474,0.29235005,9
SQ_A1_12,KANConv_M5,789,0.14089604,0.26862505,25
SQ_A1_12,KANConv_M5,2026,0.15534434,0.28096074,21
SQ_A1_12,KANConv_M5,11,0.14737813,0.28144148,9
SQ_A1_12,KANConv_M5,22,0.15571682,0.29005894,10
SQ_A1_12,KANConv_M5,33,0.1438944,0.28433093,7
SQ_A1_12,KANConv_M5,44,0.1428132,0.27450222,12
SQ_A1_12,KANConv_M5,55,0.14864373,0.2802683,11
SQ_A25_36,FC,42,0.13315968,0.25986695,16
SQ_A25_36,FC,123,0.14117922,0.27205864,20
SQ_A25_36,FC,456,0.13857944,0.26947004,13
SQ_A25_36,FC,789,0.13520233,0.25685284,25
SQ_A25_36,FC,2026,0.13264036,0.25438452,15
SQ_A25_36,FC,11,0.13557808,0.2604282,12
SQ_A25_36,FC,22,0.13322155,0.25662205,22
SQ_A25_36,FC,33,0.14731322,0.27968982,24
SQ_A25_36,FC,44,0.14524546,0.27745998,15
SQ_A25_36,FC,55,0.14010082,0.2669601,20
SQ_A25_36,KANConv_M5,42,0.13977253,0.26567042,14
SQ_A25_36,KANConv_M5,123,0.13759398,0.25948077,16
SQ_A25_36,KANConv_M5,456,0.13757773,0.25996763,16
SQ_A25_36,KANConv_M5,789,0.1286297,0.25852472,22
SQ_A25_36,KANConv_M5,2026,0.14408809,0.2641602,20
SQ_A25_36,KANConv_M5,11,0.13774735,0.2662398,12
SQ_A25_36,KANConv_M5,22,0.13006607,0.25578767,16
SQ_A25_36,KANConv_M5,33,0.13422514,0.26458287,11
SQ_A25_36,KANConv_M5,44,0.13327463,0.24736542,16
SQ_A25_36,KANConv_M5,55,0.14756897,0.27544954,19
SQ_A37_48,FC,42,0.13385661,0.27126604,10
SQ_A37_48,FC,123,0.13876453,0.2697148,18
SQ_A37_48,FC,456,0.138142,0.2721149,24
SQ_A37_48,FC,789,0.1344364,0.26213562,24
SQ_A37_48,FC,2026,0.13613164,0.26842865,13
SQ_A37_48,FC,11,0.13114376,0.2612766,18
SQ_A37_48,FC,22,0.14653778,0.26413077,21
SQ_A37_48,FC,33,0.13741215,0.2739719,13
SQ_A37_48,FC,44,0.13900855,0.260708,20
SQ_A37_48,FC,55,0.13216119,0.26810867,11
SQ_A37_48,KANConv_M5,42,0.13525465,0.27093285,10
SQ_A37_48,KANConv_M5,123,0.14297451,0.26874924,19
SQ_A37_48,KANConv_M5,456,0.13415165,0.2659898,10
SQ_A37_48,KANConv_M5,789,0.13914904,0.2736399,11
SQ_A37_48,KANConv_M5,2026,0.14460161,0.2786567,13
SQ_A37_48,KANConv_M5,11,0.13137592,0.26875836,10
SQ_A37_48,KANConv_M5,22,0.13391966,0.260352,11
SQ_A37_48,KANConv_M5,33,0.13708076,0.26160368,19
SQ_A37_48,KANConv_M5,44,0.13267802,0.25576246,20
SQ_A37_48,KANConv_M5,55,0.13775802,0.26896337,19
SQ_R,FC,42,0.11411853,0.2205918,43
SQ_R,FC,123,0.11437536,0.24233995,31
SQ_R,FC,456,0.11380061,0.23167816,45
SQ_R,FC,789,0.11758331,0.2309315,28
SQ_R,FC,2026,0.11292415,0.23534206,39
SQ_R,FC,11,0.119137086,0.22985187,43
SQ_R,FC,22,0.12145917,0.22503738,78
SQ_R,FC,33,0.1263572,0.24946035,43
SQ_R,FC,44,0.12194903,0.23752666,35
SQ_R,FC,55,0.11730746,0.23759717,35
SQ_R,KANConv_M5,42,0.119824246,0.22258818,44
SQ_R,KANConv_M5,123,0.127234,0.22697897,69
SQ_R,KANConv_M5,456,0.10557703,0.21405354,33
SQ_R,KANConv_M5,789,0.11613164,0.22138079,52
SQ_R,KANConv_M5,2026,0.11176529,0.21524654,72
SQ_R,KANConv_M5,11,0.103579946,0.21293475,32
SQ_R,KANConv_M5,22,0.114288904,0.22918655,23
SQ_R,KANConv_M5,33,0.1263422,0.22160563,30
SQ_R,KANConv_M5,44,0.12142563,0.23657188,21
SQ_R,KANConv_M5,55,0.12818795,0.22612083,34
SQ_S,FC,42,0.1307749,0.24487469,37
SQ_S,FC,123,0.12563445,0.24128528,28
SQ_S,FC,456,0.1251041,0.24100159,36
SQ_S,FC,789,0.12310898,0.23753537,24
SQ_S,FC,2026,0.13088724,0.24862447,24
SQ_S,FC,11,0.13832548,0.25730315,30
SQ_S,FC,22,0.12898277,0.24222282,20
SQ_S,FC,33,0.14195932,0.27431092,29
SQ_S,FC,44,0.13027994,0.25366515,18
SQ_S,FC,55,0.13297713,0.25762796,37
SQ_S,KANConv_M5,42,0.12919812,0.23466684,29
SQ_S,KANConv_M5,123,0.13190696,0.23511252,36
SQ_S,KANConv_M5,456,0.12233301,0.24022202,21
SQ_S,KANConv_M5,789,0.12296696,0.24307758,31
SQ_S,KANConv_M5,2026,0.11841326,0.23515458,38
SQ_S,KANConv_M5,11,0.11896609,0.22619988,34
SQ_S,KANConv_M5,22,0.12585399,0.24144307,28
SQ_S,KANConv_M5,33,0.13459295,0.24306376,30
SQ_S,KANConv_M5,44,0.13525517,0.26232815,20
SQ_S,KANConv_M5,55,0.1196701,0.23180431,21
UG2_2F,FC,42,0.10377225,0.20739338,33
UG2_2F,FC,123,0.09978308,0.21434186,26
UG2_2F,FC,456,0.094370976,0.20394285,29
UG2_2F,FC,789,0.097951904,0.2042277,31
UG2_2F,FC,2026,0.10011703,0.20826855,33
UG2_2F,FC,11,0.09833788,0.21056828,22
UG2_2F,FC,22,0.09936261,0.20511949,21
UG2_2F,FC,33,0.09323585,0.20246427,27
UG2_2F,FC,44,0.09196607,0.20967777,24
UG2_2F,FC,55,0.094369516,0.20532177,28
UG2_2F,KANConv_M5,42,0.1004659,0.21034826,30
UG2_2F,KANConv_M5,123,0.09397909,0.20038818,36
UG2_2F,KANConv_M5,456,0.10195535,0.2013499,39
UG2_2F,KANConv_M5,789,0.096085116,0.1994093,36
UG2_2F,KANConv_M5,2026,0.09319104,0.19799297,35
UG2_2F,KANConv_M5,11,0.1022577,0.20927657,24
UG2_2F,KANConv_M5,22,0.09445182,0.20646553,18
UG2_2F,KANConv_M5,33,0.096745946,0.2112354,24
UG2_2F,KANConv_M5,44,0.10253831,0.20836824,33
UG2_2F,KANConv_M5,55,0.1005377,0.20467848,30
UG2_RF,FC,42,0.13795827,0.2650226,11
UG2_RF,FC,123,0.13772003,0.25213513,16
UG2_RF,FC,456,0.13582306,0.24647136,24
UG2_RF,FC,789,0.12422034,0.23966266,15
UG2_RF,FC,2026,0.13382718,0.25490937,20
UG2_RF,FC,11,0.13510078,0.25320685,21
UG2_RF,FC,22,0.13295823,0.24907325,20
UG2_RF,FC,33,0.13672264,0.261155,14
UG2_RF,FC,44,0.14625888,0.25815925,21
UG2_RF,FC,55,0.1397428,0.2555756,28
UG2_RF,KANConv_M5,42,0.12737204,0.24754626,24
UG2_RF,KANConv_M5,123,0.1286741,0.2598907,10
UG2_RF,KANConv_M5,456,0.12940605,0.2574962,10
UG2_RF,KANConv_M5,789,0.12513874,0.2421949,20
UG2_RF,KANConv_M5,2026,0.12769814,0.24543063,20
UG2_RF,KANConv_M5,11,0.11997002,0.23711361,23
UG2_RF,KANConv_M5,22,0.14399397,0.26533845,12
UG2_RF,KANConv_M5,33,0.13659716,0.2577797,12
UG2_RF,KANConv_M5,44,0.14028528,0.25343663,32
UG2_RF,KANConv_M5,55,0.13909286,0.2489171,28
UG3,FC,42,0.16210167,0.28338367,11
UG3,FC,123,0.14752457,0.27439314,10
UG3,FC,456,0.13883263,0.2583549,13
UG3,FC,789,0.15288769,0.27383035,15
UG3,FC,2026,0.13604648,0.24796338,29
UG3,FC,11,0.13921899,0.25015566,22
UG3,FC,22,0.15634856,0.2809887,12
UG3,FC,33,0.14325312,0.2618366,21
UG3,FC,44,0.14162414,0.26138002,15
UG3,FC,55,0.14865254,0.27150133,11
UG3,KANConv_M5,42,0.14251214,0.2640097,11
UG3,KANConv_M5,123,0.12729895,0.24122486,26
UG3,KANConv_M5,456,0.132427,0.24158172,16
UG3,KANConv_M5,789,0.13268495,0.23806906,32
UG3,KANConv_M5,2026,0.13652194,0.2498944,14
UG3,KANConv_M5,11,0.13333768,0.24744733,13
UG3,KANConv_M5,22,0.13608928,0.24586545,33
UG3,KANConv_M5,33,0.13212565,0.24950546,14
UG3,KANConv_M5,44,0.14310364,0.2635663,18
UG3,KANConv_M5,55,0.15233691,0.2781494,10
UG4,FC,42,0.13288145,0.25583073,15
UG4,FC,123,0.14518905,0.26767144,19
UG4,FC,456,0.14054267,0.27552274,12
UG4,FC,789,0.13413788,0.25381336,23
UG4,FC,2026,0.13310724,0.26322675,18
UG4,FC,11,0.1344946,0.2717067,10
UG4,FC,22,0.13281526,0.2576109,13
UG4,FC,33,0.15092707,0.28300694,15
UG4,FC,44,0.16652054,0.30290163,10
UG4,FC,55,0.13748564,0.2627863,17
UG4,KANConv_M5,42,0.13142198,0.2627847,12
UG4,KANConv_M5,123,0.13596715,0.2710187,11
UG4,KANConv_M5,456,0.14087607,0.2765095,11
UG4,KANConv_M5,789,0.13152592,0.25574937,14
UG4,KANConv_M5,2026,0.14277142,0.2678465,13
UG4,KANConv_M5,11,0.13308479,0.25613534,17
UG4,KANConv_M5,22,0.14050247,0.2566049,13
UG4,KANConv_M5,33,0.13997501,0.26824427,11
UG4,KANConv_M5,44,0.13298257,0.2655362,12
UG4,KANConv_M5,55,0.14631455,0.27753773,11
UG6,FC,42,0.12068957,0.23009682,23
UG6,FC,123,0.11835182,0.24076307,7
UG6,FC,456,0.116204664,0.24432267,8
UG6,FC,789,0.11312612,0.23018003,19
UG6,FC,2026,0.121195406,0.25197998,10
UG6,FC,11,0.11055897,0.23828864,6
UG6,FC,22,0.1225292,0.25555155,7
UG6,FC,33,0.12211361,0.25007442,8
UG6,FC,44,0.1218168,0.24489361,10
UG6,FC,55,0.12824495,0.26032662,6
UG6,KANConv_M5,42,0.11053295,0.21844119,25
UG6,KANConv_M5,123,0.115364306,0.24709295,10
UG6,KANConv_M5,456,0.120416746,0.23015581,23
UG6,KANConv_M5,789,0.11023641,0.22757104,19
UG6,KANConv_M5,2026,0.1220143,0.24960914,8
UG6,KANConv_M5,11,0.11518125,0.2227102,20
UG6,KANConv_M5,22,0.121727295,0.23046276,20
UG6,KANConv_M5,33,0.11923139,0.24537466,7
UG6,KANConv_M5,44,0.104741976,0.22516698,16
UG6,KANConv_M5,55,0.1118406,0.23281737,10
WongCS,FC,42,0.12406283,0.23311052,25
WongCS,FC,123,0.117861085,0.23175403,19
WongCS,FC,456,0.10994027,0.23434238,25
WongCS,FC,789,0.115410365,0.23236683,23
WongCS,FC,2026,0.14162216,0.25828174,35
WongCS,FC,11,0.12748818,0.23745415,33
WongCS,FC,22,0.13150425,0.25320035,16
WongCS,FC,33,0.12654245,0.24607931,23
WongCS,FC,44,0.12098847,0.24291512,17
WongCS,FC,55,0.14764725,0.27414873,33
WongCS,KANConv_M5,42,0.1293725,0.23095001,51
WongCS,KANConv_M5,123,0.12592612,0.22971626,28
WongCS,KANConv_M5,456,0.13517137,0.26014578,35
WongCS,KANConv_M5,789,0.11572182,0.22761743,30
WongCS,KANConv_M5,2026,0.12304401,0.23204108,18
WongCS,KANConv_M5,11,0.11669671,0.24440831,26
WongCS,KANConv_M5,22,0.12536238,0.23334982,16
WongCS,KANConv_M5,33,0.11913148,0.2308753,16
WongCS,KANConv_M5,44,0.12622795,0.2392186,20
WongCS,KANConv_M5,55,0.13035929,0.24534401,16
Zone_A1,FC,42,0.12609075,0.23828189,21
Zone_A1,FC,123,0.12154892,0.2363546,21
Zone_A1,FC,456,0.11323886,0.23771527,21
Zone_A1,FC,789,0.10827031,0.23145245,12
Zone_A1,FC,2026,0.13116178,0.2557436,13
Zone_A1,FC,11,0.11773641,0.24005178,19
Zone_A1,FC,22,0.1248447,0.250246,12
Zone_A1,FC,33,0.11725274,0.23916623,17
Zone_A1,FC,44,0.12241646,0.24276872,13
Zone_A1,FC,55,0.114143796,0.23821267,12
Zone_A1,KANConv_M5,42,0.1132832,0.23838976,10
Zone_A1,KANConv_M5,123,0.11214642,0.23982313,13
Zone_A1,KANConv_M5,456,0.117786154,0.23570147,11
Zone_A1,KANConv_M5,789,0.116662875,0.24261877,11
Zone_A1,KANConv_M5,2026,0.11902582,0.23607196,15
Zone_A1,KANConv_M5,11,0.11870176,0.24445353,9
Zone_A1,KANConv_M5,22,0.12525316,0.24380566,12
Zone_A1,KANConv_M5,33,0.103780404,0.22565065,18
Zone_A1,KANConv_M5,44,0.1260826,0.24808483,11
Zone_A1,KANConv_M5,55,0.11418072,0.23436886,17
Zone_A2,FC,42,0.19420993,0.32627073,8
Zone_A2,FC,123,0.17421533,0.29778263,12
Zone_A2,FC,456,0.16438584,0.29054958,12
Zone_A2,FC,789,0.1713345,0.29778248,9
Zone_A2,FC,2026,0.19331822,0.3268948,9
Zone_A2,FC,11,0.16911215,0.28669104,14
Zone_A2,FC,22,0.16171016,0.2826326,16
Zone_A2,FC,33,0.17697112,0.30802447,14
Zone_A2,FC,44,0.1814022,0.29707456,12
Zone_A2,FC,55,0.18153797,0.3165647,8
Zone_A2,KANConv_M5,42,0.17686775,0.30850095,9
Zone_A2,KANConv_M5,123,0.18426293,0.31729904,8
Zone_A2,KANConv_M5,456,0.18284787,0.30702886,10
Zone_A2,KANConv_M5,789,0.16778204,0.29525515,9
Zone_A2,KANConv_M5,2026,0.18840258,0.31989312,7
Zone_A2,KANConv_M5,11,0.16719271,0.29235902,8
Zone_A2,KANConv_M5,22,0.19088677,0.32290155,7
Zone_A2,KANConv_M5,33,0.18700477,0.3163337,10
Zone_A2,KANConv_M5,44,0.17564385,0.30169097,11
Zone_A2,KANConv_M5,55,0.17124307,0.28817382,15
Zone_A4,FC,42,0.16267174,0.28441778,10
Zone_A4,FC,123,0.15407756,0.28873307,8
Zone_A4,FC,456,0.14700468,0.25222635,22
Zone_A4,FC,789,0.13879627,0.26162153,11
Zone_A4,FC,2026,0.15887688,0.28710482,13
Zone_A4,FC,11,0.15337884,0.26948106,16
Zone_A4,FC,22,0.15435125,0.27188432,17
Zone_A4,FC,33,0.15542182,0.2782436,11
Zone_A4,FC,44,0.1586987,0.27676615,12
Zone_A4,FC,55,0.14841616,0.26038927,20
Zone_A4,KANConv_M5,42,0.14889577,0.25673512,20
Zone_A4,KANConv_M5,123,0.14634277,0.27198255,11
Zone_A4,KANConv_M5,456,0.15197353,0.26885876,13
Zone_A4,KANConv_M5,789,0.15395838,0.27413678,11
Zone_A4,KANConv_M5,2026,0.16305684,0.2807363,14
Zone_A4,KANConv_M5,11,0.1551901,0.28252962,8
Zone_A4,KANConv_M5,22,0.154141,0.26633254,12
Zone_A4,KANConv_M5,33,0.14386593,0.28082377,8
Zone_A4,KANConv_M5,44,0.15250714,0.26409477,13
Zone_A4,KANConv_M5,55,0.15406114,0.26958936,11
Zone_A5,FC,42,0.095819846,0.20176168,29
Zone_A5,FC,123,0.11004071,0.21463609,39
Zone_A5,FC,456,0.11664594,0.21351136,43
Zone_A5,FC,789,0.09280674,0.2016626,29
Zone_A5,FC,2026,0.09908045,0.20906112,27
Zone_A5,FC,11,0.09736214,0.19759093,31
Zone_A5,FC,22,0.09990479,0.20692737,26
Zone_A5,FC,33,0.10373483,0.2075093,38
Zone_A5,FC,44,0.1132256,0.22682391,29
Zone_A5,FC,55,0.09940371,0.20863529,37
Zone_A5,KANConv_M5,42,0.12555726,0.2140373,54
Zone_A5,KANConv_M5,123,0.09761038,0.20253599,31
Zone_A5,KANConv_M5,456,0.09183332,0.19107664,24
Zone_A5,KANConv_M5,789,0.10862843,0.20356315,67
Zone_A5,KANConv_M5,2026,0.10579039,0.20490395,36
Zone_A5,KANConv_M5,11,0.101205416,0.20269467,24
Zone_A5,KANConv_M5,22,0.105936326,0.20529032,20
Zone_A5,KANConv_M5,33,0.098839834,0.19816937,19
Zone_A5,KANConv_M5,44,0.11030239,0.2243585,49
Zone_A5,KANConv_M5,55,0.096275106,0.19485307,25
Zone_A6,FC,42,0.14131232,0.25892225,27
Zone_A6,FC,123,0.13193867,0.25254518,37
Zone_A6,FC,456,0.13239735,0.24632296,25
Zone_A6,FC,789,0.13356891,0.24919094,37
Zone_A6,FC,2026,0.14374898,0.2563421,39
Zone_A6,FC,11,0.1560442,0.26234856,45
Zone_A6,FC,22,0.13519378,0.2508546,48
Zone_A6,FC,33,0.16999221,0.26714104,33
Zone_A6,FC,44,0.1403702,0.25072277,21
Zone_A6,FC,55,0.1386331,0.25906646,48
Zone_A6,KANConv_M5,42,0.17138702,0.2650152,39
Zone_A6,KANConv_M5,123,0.14562757,0.2523881,59
Zone_A6,KANConv_M5,456,0.1377491,0.24199636,41
Zone_A6,KANConv_M5,789,0.16336885,0.25628096,35
Zone_A6,KANConv_M5,2026,0.14192544,0.2520111,47
Zone_A6,KANConv_M5,11,0.13455594,0.24355301,29
Zone_A6,KANConv_M5,22,0.15965772,0.26142195,53
Zone_A6,KANConv_M5,33,0.14960928,0.2489627,20
Zone_A6,KANConv_M5,44,0.14827766,0.25756925,36
Zone_A6,KANConv_M5,55,0.13974816,0.24785647,28
Zone_A7,FC,42,0.1222925,0.23182039,24
Zone_A7,FC,123,0.12852933,0.24449699,31
Zone_A7,FC,456,0.13836329,0.24203692,45
Zone_A7,FC,789,0.1325912,0.23632857,22
Zone_A7,FC,2026,0.1322394,0.23891178,29
Zone_A7,FC,11,0.11938896,0.241047,27
Zone_A7,FC,22,0.11952118,0.2312936,23
Zone_A7,FC,33,0.13010763,0.248329,28
Zone_A7,FC,44,0.12324462,0.23616692,22
Zone_A7,FC,55,0.12966721,0.24399891,35
Zone_A7,KANConv_M5,42,0.15592958,0.24856742,50
Zone_A7,KANConv_M5,123,0.12701695,0.23241918,30
Zone_A7,KANConv_M5,456,0.1203345,0.22305226,23
Zone_A7,KANConv_M5,789,0.13879159,0.24296121,40
Zone_A7,KANConv_M5,2026,0.12056736,0.2367368,28
Zone_A7,KANConv_M5,11,0.12235004,0.23010659,34
Zone_A7,KANConv_M5,22,0.14330141,0.25070536,32
Zone_A7,KANConv_M5,33,0.1270566,0.23285702,24
Zone_A7,KANConv_M5,44,0.14396676,0.24438134,31
Zone_A7,KANConv_M5,55,0.13552731,0.23478863,52
Zone_D,FC,42,0.11689331,0.23442885,31
Zone_D,FC,123,0.103858285,0.22008312,19
Zone_D,FC,456,0.105918184,0.21842737,20
Zone_D,FC,789,0.10054088,0.21085872,46
Zone_D,FC,2026,0.106272176,0.22183345,33
Zone_D,FC,11,0.10401262,0.21254806,31
Zone_D,FC,22,0.1038314,0.22471288,36
Zone_D,FC,33,0.10292624,0.21600716,47
Zone_D,FC,44,0.11525943,0.22114806,37
Zone_D,FC,55,0.10622049,0.21495327,34
Zone_D,KANConv_M5,42,0.110449865,0.22306342,24
Zone_D,KANConv_M5,123,0.10369614,0.20985009,35
Zone_D,KANConv_M5,456,0.10084009,0.21912652,21
Zone_D,KANConv_M5,789,0.09555606,0.20663449,36
Zone_D,KANConv_M5,2026,0.10478929,0.21576302,23
Zone_D,KANConv_M5,11,0.10228698,0.21197566,44
Zone_D,KANConv_M5,22,0.097551905,0.20627464,30
Zone_D,KANConv_M5,33,0.10487977,0.2089015,62
Zone_D,KANConv_M5,44,0.10809634,0.21647319,49
Zone_D,KANConv_M5,55,0.104370505,0.21527293,19
Zone_J1,FC,42,0.11128639,0.22059019,38
Zone_J1,FC,123,0.107257076,0.21652207,33
Zone_J1,FC,456,0.11031556,0.22353415,99
Zone_J1,FC,789,0.10352039,0.21353242,93
Zone_J1,FC,2026,0.12495429,0.23536989,40
Zone_J1,FC,11,0.11519475,0.2225613,48
Zone_J1,FC,22,0.099455066,0.20956552,35
Zone_J1,FC,33,0.115400426,0.22461773,50
Zone_J1,FC,44,0.106117584,0.21448548,38
Zone_J1,FC,55,0.10481152,0.21242483,41
Zone_J1,KANConv_M5,42,0.10266487,0.21432072,28
Zone_J1,KANConv_M5,123,0.109460056,0.22758101,51
Zone_J1,KANConv_M5,456,0.102747396,0.21155772,42
Zone_J1,KANConv_M5,789,0.104346015,0.21025307,37
Zone_J1,KANConv_M5,2026,0.10701445,0.21370043,35
Zone_J1,KANConv_M5,11,0.092971265,0.20430408,26
Zone_J1,KANConv_M5,22,0.09676647,0.20379955,41
Zone_J1,KANConv_M5,33,0.09760905,0.20590965,30
Zone_J1,KANConv_M5,44,0.10213522,0.22459015,18
Zone_J1,KANConv_M5,55,0.09812924,0.21003234,27
Zone_J2,FC,42,0.13941005,0.2594499,21
Zone_J2,FC,123,0.14560835,0.2532773,25
Zone_J2,FC,456,0.14596188,0.24942726,20
Zone_J2,FC,789,0.14383003,0.24961296,28
Zone_J2,FC,2026,0.14185177,0.26396728,15
Zone_J2,FC,11,0.16270159,0.25236842,26
Zone_J2,FC,22,0.1382273,0.25026217,19
Zone_J2,FC,33,0.1617417,0.26055095,22
Zone_J2,FC,44,0.13558863,0.2390383,20
Zone_J2,FC,55,0.13421795,0.23495854,20
Zone_J2,KANConv_M5,42,0.13512549,0.23652552,27
Zone_J2,KANConv_M5,123,0.14576934,0.2512795,18
Zone_J2,KANConv_M5,456,0.13275358,0.24327926,14
Zone_J2,KANConv_M5,789,0.14325966,0.2485713,18
Zone_J2,KANConv_M5,2026,0.14808425,0.26277164,25
Zone_J2,KANConv_M5,11,0.15048786,0.25142452,18
Zone_J2,KANConv_M5,22,0.14709154,0.24346346,29
Zone_J2,KANConv_M5,33,0.14976692,0.25470728,16
Zone_J2,KANConv_M5,44,0.14846183,0.27603057,15
Zone_J2,KANConv_M5,55,0.14016102,0.25089702,13
