site,config,seed,norm_MSE,norm_MAE,best_epoch,n_params
Zone_J1,Shared,42,0.09897218,0.20739746,57,72046
Zone_J1,Shared,123,0.101773255,0.2116813,33,72046
Zone_J1,Shared,456,0.10467904,0.21780671,28,72046
Zone_J1,Kernel,42,0.11429868,0.22623476,43,76396
Zone_J1,Kernel,123,0.11304853,0.226753,42,76396
Zone_J1,Kernel,456,0.117620975,0.23626861,65,76396
Zone_J1,Frozen,42,0.105677135,0.22007059,37,72040
Zone_J1,Frozen,123,0.11043831,0.22721046,54,72040
Zone_J1,Frozen,456,0.1021096,0.21197101,43,72040
Zone_J1,LinearCalib,42,0.09384884,0.2019911,41,72046
Zone_J1,LinearCalib,123,0.12117624,0.235855,23,72046
Zone_J1,LinearCalib,456,0.11053407,0.22306769,40,72046
Zone_J1,MLPConv,42,0.098673366,0.20913695,33,72190
Zone_J1,MLPConv,123,0.10305832,0.21661411,34,72190
Zone_J1,MLPConv,456,0.10746931,0.21932983,29,72190
Zone_J1,Shared,789,0.10126395523548126,0.2056506872177124,42,72046
Zone_J1,Shared,2026,0.10580871999263763,0.21054667234420776,33,72046
Zone_J1,Shared,11,0.1020389273762703,0.2065717577934265,29,72046
Zone_J1,Shared,22,0.10190417617559433,0.21631132066249847,32,72046
Zone_J1,Shared,33,0.10175265371799469,0.2064821422100067,37,72046
Zone_J1,Shared,44,0.09369686990976334,0.20465688407421112,29,72046
Zone_J1,Shared,55,0.10096602886915207,0.20730794966220856,35,72046
Zone_J1,Kernel,789,0.11648115515708923,0.23146353662014008,16,76396
Zone_J1,Kernel,2026,0.11201885342597961,0.21637849509716034,38,76396
Zone_J1,Kernel,11,0.10891060531139374,0.21866843104362488,22,76396
Zone_J1,Kernel,22,0.11077863723039627,0.22598975896835327,18,76396
Zone_J1,Kernel,33,0.1058710440993309,0.22101062536239624,20,76396
Zone_J1,Kernel,44,0.1148621067404747,0.21962793171405792,46,76396
Zone_J1,Kernel,55,0.13465164601802826,0.25534701347351074,40,76396
Zone_J1,Frozen,789,0.10470674932003021,0.2144109606742859,37,72040
Zone_J1,Frozen,2026,0.10982156544923782,0.2133023887872696,53,72040
Zone_J1,Frozen,11,0.09683287143707275,0.20712360739707947,28,72040
Zone_J1,Frozen,22,0.10078136622905731,0.20940881967544556,50,72040
Zone_J1,Frozen,33,0.102420873939991,0.20990866422653198,44,72040
Zone_J1,Frozen,44,0.11117328703403473,0.2248181402683258,37,72040
Zone_J1,Frozen,55,0.09679099917411804,0.2071649730205536,28,72040
Zone_J1,LinearCalib,789,0.10350585728883743,0.2137208729982376,48,72046
Zone_J1,LinearCalib,2026,0.11995645612478256,0.2301495373249054,37,72046
Zone_J1,LinearCalib,11,0.11046688258647919,0.2138700783252716,75,72046
Zone_J1,LinearCalib,22,0.10685031116008759,0.2191094607114792,33,72046
Zone_J1,LinearCalib,33,0.10844795405864716,0.21633316576480865,47,72046
Zone_J1,LinearCalib,44,0.10278834402561188,0.21328404545783997,38,72046
Zone_J1,LinearCalib,55,0.10380531847476959,0.20803961157798767,41,72046
Zone_J1,MLPConv,789,0.10399959236383438,0.2093818336725235,30,72190
Zone_J1,MLPConv,2026,0.11204372346401215,0.2232273668050766,34,72190
Zone_J1,MLPConv,11,0.10279826819896698,0.21197253465652466,39,72190
Zone_J1,MLPConv,22,0.10395403206348419,0.21524952352046967,29,72190
Zone_J1,MLPConv,33,0.10369055718183517,0.2198866903781891,40,72190
Zone_J1,MLPConv,44,0.11109621077775955,0.22275163233280182,63,72190
Zone_J1,MLPConv,55,0.11734052002429962,0.22343884408473969,39,72190
UG3,Shared,42,0.12877416610717773,0.24133315682411194,18,72046
UG3,Shared,123,0.14417040348052979,0.2704634666442871,10,72046
UG3,Shared,456,0.13917633891105652,0.2626834511756897,10,72046
UG3,Shared,789,0.1357775628566742,0.2520741820335388,14,72046
UG3,Shared,2026,0.14499366283416748,0.2660902142524719,10,72046
UG3,Shared,11,0.14076857268810272,0.2653418481349945,10,72046
UG3,Shared,22,0.15321965515613556,0.2808651924133301,10,72046
UG3,Shared,33,0.1287209689617157,0.2402060627937317,24,72046
UG3,Shared,44,0.13529625535011292,0.25362178683280945,15,72046
UG3,Shared,55,0.13036993145942688,0.23964786529541016,20,72046
UG3,Kernel,42,0.14212271571159363,0.25747624039649963,10,76396
UG3,Kernel,123,0.1320018470287323,0.2465001940727234,10,76396
UG3,Kernel,456,0.14548394083976746,0.26610276103019714,6,76396
UG3,Kernel,789,0.13526588678359985,0.2455325722694397,12,76396
UG3,Kernel,2026,0.14419794082641602,0.26764824986457825,6,76396
UG3,Kernel,11,0.1354144960641861,0.2456936091184616,9,76396
UG3,Kernel,22,0.13527125120162964,0.2486397922039032,12,76396
UG3,Kernel,33,0.13392645120620728,0.2578606605529785,7,76396
UG3,Kernel,44,0.1319323629140854,0.2450374811887741,18,76396
UG3,Kernel,55,0.15082192420959473,0.27189576625823975,7,76396
UG3,Frozen,42,0.14050869643688202,0.26043954491615295,13,72040
UG3,Frozen,123,0.1295357048511505,0.24231065809726715,23,72040
UG3,Frozen,456,0.1416786164045334,0.2570250928401947,12,72040
UG3,Frozen,789,0.1479884833097458,0.2622705101966858,15,72040
UG3,Frozen,2026,0.1415291279554367,0.2686997652053833,11,72040
UG3,Frozen,11,0.14322160184383392,0.25951170921325684,18,72040
UG3,Frozen,22,0.14024142920970917,0.2651014029979706,13,72040
UG3,Frozen,33,0.14575502276420593,0.27269884943962097,9,72040
UG3,Frozen,44,0.1511489599943161,0.2731923460960388,15,72040
UG3,Frozen,55,0.14242972433567047,0.26399582624435425,11,72040
UG3,LinearCalib,42,0.16111737489700317,0.28930121660232544,11,72046
UG3,LinearCalib,123,0.14922161400318146,0.2761467695236206,11,72046
UG3,LinearCalib,456,0.13874493539333344,0.25724032521247864,17,72046
UG3,LinearCalib,789,0.14388254284858704,0.26173052191734314,15,72046
UG3,LinearCalib,2026,0.1347459852695465,0.24998970329761505,18,72046
UG3,LinearCalib,11,0.14209184050559998,0.263944536447525,12,72046
UG3,LinearCalib,22,0.15724188089370728,0.28824514150619507,11,72046
UG3,LinearCalib,33,0.1499035656452179,0.2774016261100769,10,72046
UG3,LinearCalib,44,0.15399210155010223,0.2804544270038605,13,72046
UG3,LinearCalib,55,0.13826532661914825,0.2523559033870697,26,72046
UG3,MLPConv,42,0.14506883919239044,0.2728331983089447,11,72190
UG3,MLPConv,123,0.1394706815481186,0.25856515765190125,10,72190
UG3,MLPConv,456,0.1343599110841751,0.25349918007850647,13,72190
UG3,MLPConv,789,0.1331253945827484,0.25035741925239563,11,72190
UG3,MLPConv,2026,0.1507728546857834,0.27560824155807495,10,72190
UG3,MLPConv,11,0.14469076693058014,0.2702159583568573,10,72190
UG3,MLPConv,22,0.13353727757930756,0.24342216551303864,28,72190
UG3,MLPConv,33,0.13678491115570068,0.2571200430393219,12,72190
UG3,MLPConv,44,0.14495986700057983,0.27302679419517517,11,72190
UG3,MLPConv,55,0.13793137669563293,0.2606554925441742,10,72190
SQ2,Shared,42,0.08589848130941391,0.20140989124774933,12,72046
SQ2,Shared,123,0.09694316238164902,0.20478123426437378,18,72046
SQ2,Shared,456,0.09205996990203857,0.215515598654747,14,72046
SQ2,Shared,789,0.10184112936258316,0.22677604854106903,10,72046
SQ2,Shared,2026,0.09042291343212128,0.20451639592647552,20,72046
SQ2,Shared,11,0.09170740097761154,0.2166491150856018,9,72046
SQ2,Shared,22,0.08634398877620697,0.20573943853378296,11,72046
SQ2,Shared,33,0.10358672589063644,0.23854118585586548,8,72046
SQ2,Shared,44,0.08674012869596481,0.19532617926597595,19,72046
SQ2,Shared,55,0.08872907608747482,0.2049136459827423,20,72046
SQ2,Kernel,42,0.10559964179992676,0.22471924126148224,5,76396
SQ2,Kernel,123,0.09140580892562866,0.19873465597629547,12,76396
SQ2,Kernel,456,0.1011435016989708,0.21026812493801117,7,76396
SQ2,Kernel,789,0.09816895425319672,0.2039981186389923,12,76396
SQ2,Kernel,2026,0.1120486930012703,0.2504579722881317,4,76396
SQ2,Kernel,11,0.0890524610877037,0.1957852691411972,15,76396
SQ2,Kernel,22,0.10318120568990707,0.21645765006542206,6,76396
SQ2,Kernel,33,0.10471299290657043,0.24079228937625885,4,76396
SQ2,Kernel,44,0.10346373170614243,0.22021807730197906,7,76396
SQ2,Kernel,55,0.09586632996797562,0.211247056722641,5,76396
SQ2,Frozen,42,0.09020889550447464,0.20461279153823853,14,72040
SQ2,Frozen,123,0.09220615029335022,0.20445531606674194,14,72040
SQ2,Frozen,456,0.09194445610046387,0.2061942219734192,10,72040
SQ2,Frozen,789,0.08248504251241684,0.19890379905700684,15,72040
SQ2,Frozen,2026,0.09706434607505798,0.21402303874492645,10,72040
SQ2,Frozen,11,0.0888848677277565,0.2010904997587204,19,72040
SQ2,Frozen,22,0.09153714030981064,0.21635271608829498,7,72040
SQ2,Frozen,33,0.08777281641960144,0.2124829888343811,9,72040
SQ2,Frozen,44,0.09483188390731812,0.21117344498634338,10,72040
SQ2,Frozen,55,0.09086703509092331,0.21090415120124817,21,72040
SQ2,LinearCalib,42,0.09037262946367264,0.20859584212303162,13,72046
SQ2,LinearCalib,123,0.09100136160850525,0.2013767659664154,18,72046
SQ2,LinearCalib,456,0.09787139296531677,0.20929613709449768,17,72046
SQ2,LinearCalib,789,0.09279713779687881,0.20550692081451416,14,72046
SQ2,LinearCalib,2026,0.09511610865592957,0.20972779393196106,20,72046
SQ2,LinearCalib,11,0.08758565783500671,0.21619625389575958,14,72046
SQ2,LinearCalib,22,0.09512055665254593,0.20842376351356506,14,72046
SQ2,LinearCalib,33,0.0903409868478775,0.20667403936386108,19,72046
SQ2,LinearCalib,44,0.09411473572254181,0.21812421083450317,11,72046
SQ2,LinearCalib,55,0.09063088893890381,0.20450212061405182,17,72046
SQ2,MLPConv,42,0.09895873069763184,0.20563887059688568,20,72190
SQ2,MLPConv,123,0.09380189329385757,0.20254464447498322,18,72190
SQ2,MLPConv,456,0.09736853837966919,0.22269180417060852,8,72190
SQ2,MLPConv,789,0.08807925134897232,0.20458529889583588,15,72190
SQ2,MLPConv,2026,0.0983562171459198,0.221185103058815,7,72190
SQ2,MLPConv,11,0.08985890448093414,0.20600047707557678,9,72190
SQ2,MLPConv,22,0.0944848507642746,0.20176157355308533,34,72190
SQ2,MLPConv,33,0.09032644331455231,0.21248261630535126,8,72190
SQ2,MLPConv,44,0.10027644038200378,0.23595772683620453,6,72190
SQ2,MLPConv,55,0.09088966250419617,0.20036360621452332,15,72190
Zone_D,Shared,42,0.11190470308065414,0.22622562944889069,27,72046
Zone_D,Shared,123,0.10147159546613693,0.20545300841331482,35,72046
Zone_D,Shared,456,0.1086183488368988,0.2165704369544983,40,72046
Zone_D,Shared,789,0.10969946533441544,0.22940731048583984,23,72046
Zone_D,Shared,2026,0.10330680757761002,0.2139778733253479,23,72046
Zone_D,Shared,11,0.09562902897596359,0.21336181461811066,32,72046
Zone_D,Shared,22,0.11386280506849289,0.21467189490795135,35,72046
Zone_D,Shared,33,0.11377102136611938,0.2146453857421875,57,72046
Zone_D,Shared,44,0.10339748114347458,0.2063070833683014,43,72046
Zone_D,Shared,55,0.10340429097414017,0.20891325175762177,37,72046
Zone_D,Kernel,42,0.1208573430776596,0.22711090743541718,16,76396
Zone_D,Kernel,123,0.12514181435108185,0.22312448918819427,35,76396
Zone_D,Kernel,456,0.11566174030303955,0.2117745578289032,27,76396
Zone_D,Kernel,789,0.13262490928173065,0.23173590004444122,47,76396
Zone_D,Kernel,2026,0.12217003107070923,0.22304823994636536,35,76396
Zone_D,Kernel,11,0.1181982010602951,0.21949084103107452,20,76396
Zone_D,Kernel,22,0.12053399533033371,0.21632033586502075,31,76396
Zone_D,Kernel,33,0.12513546645641327,0.21787407994270325,28,76396
Zone_D,Kernel,44,0.12338205426931381,0.2344217151403427,24,76396
Zone_D,Kernel,55,0.11278018355369568,0.21558845043182373,18,76396
Zone_D,Frozen,42,0.11111374944448471,0.23253890872001648,23,72040
Zone_D,Frozen,123,0.10440954566001892,0.22877418994903564,38,72040
Zone_D,Frozen,456,0.099845752120018,0.20963385701179504,21,72040
Zone_D,Frozen,789,0.09797583520412445,0.207998588681221,36,72040
Zone_D,Frozen,2026,0.10437297075986862,0.21999859809875488,18,72040
Zone_D,Frozen,11,0.10279931128025055,0.21068674325942993,46,72040
Zone_D,Frozen,22,0.10343999415636063,0.20883391797542572,50,72040
Zone_D,Frozen,33,0.09766297787427902,0.20875705778598785,29,72040
Zone_D,Frozen,44,0.11970371752977371,0.2451103776693344,26,72040
Zone_D,Frozen,55,0.1180093064904213,0.23661914467811584,18,72040
Zone_D,LinearCalib,42,0.11025726795196533,0.21529516577720642,56,72046
Zone_D,LinearCalib,123,0.10693321377038956,0.2091149240732193,41,72046
Zone_D,LinearCalib,456,0.11134211719036102,0.22588877379894257,27,72046
Zone_D,LinearCalib,789,0.11691484600305557,0.23145940899848938,35,72046
Zone_D,LinearCalib,2026,0.12608759105205536,0.22760020196437836,45,72046
Zone_D,LinearCalib,11,0.10508047789335251,0.2116885483264923,26,72046
Zone_D,LinearCalib,22,0.11304683983325958,0.2199810892343521,21,72046
Zone_D,LinearCalib,33,0.10143345594406128,0.20684924721717834,36,72046
Zone_D,LinearCalib,44,0.09821171313524246,0.20415616035461426,42,72046
Zone_D,LinearCalib,55,0.11172083020210266,0.23156458139419556,20,72046
Zone_D,MLPConv,42,0.12136123329401016,0.2381313294172287,26,72190
Zone_D,MLPConv,123,0.10306692868471146,0.20179110765457153,37,72190
Zone_D,MLPConv,456,0.1034688800573349,0.21616412699222565,22,72190
Zone_D,MLPConv,789,0.10497673600912094,0.2190912365913391,36,72190
Zone_D,MLPConv,2026,0.1144554391503334,0.22098076343536377,26,72190
Zone_D,MLPConv,11,0.10280128568410873,0.2068496197462082,23,72190
Zone_D,MLPConv,22,0.11064983904361725,0.21577320992946625,27,72190
Zone_D,MLPConv,33,0.10409879684448242,0.21101313829421997,32,72190
Zone_D,MLPConv,44,0.11391646414995193,0.21514026820659637,43,72190
Zone_D,MLPConv,55,0.11108045279979706,0.22791288793087006,18,72190
