site,config,seed,norm_MSE,norm_MAE,raw_MSE,best_epoch,n_params
56,FC,42,0.1247685,0.23443319,1.0159822,17,72232
56,FC,123,0.1179684,0.22454089,0.96060944,27,72232
56,FC,456,0.109992616,0.21852411,0.8956631,20,72232
56,KANConv_M5,42,0.11150683,0.21100773,0.9079931,22,72227
56,KANConv_M5,123,0.11144692,0.21721767,0.90750545,19,72227
56,KANConv_M5,456,0.11446028,0.21040682,0.932043,46,72227
56,Shared,42,0.11358804,0.21289368,0.92494035,35,72190
56,Shared,123,0.11394638,0.20772925,0.9278583,42,72190
56,Shared,456,0.11598081,0.21376495,0.94442457,24,72190
56,Kernel,42,0.12352065,0.2285459,1.005821,20,77266
56,Kernel,123,0.13388146,0.23861483,1.0901884,38,77266
56,Kernel,456,0.1249395,0.22389773,1.0173746,26,77266
56,Frozen,42,0.1199972,0.22452784,0.9771296,21,72184
56,Frozen,123,0.10883834,0.22110356,0.88626385,19,72184
56,Frozen,456,0.10498004,0.19930905,0.8548458,18,72184
56,LinearCalib,42,0.13412769,0.25253034,1.0921935,23,72191
56,LinearCalib,123,0.124848925,0.23561855,1.016637,23,72191
56,LinearCalib,456,0.11708767,0.22094794,0.9534377,20,72191
56,FC,789,0.1219116151332855,0.2311278879642486,0.9927188158035278,21,72232
56,FC,2026,0.1568600982427597,0.2651512324810028,1.2773020267486572,39,72232
56,FC,11,0.1208600178360939,0.2247107326984405,0.9841557145118712,24,72232
56,FC,22,0.1120706796646118,0.2113571763038635,0.91258442401886,36,72232
56,FC,33,0.1159960851073265,0.2180345803499221,0.944549024105072,32,72232
56,FC,44,0.1083772629499435,0.2138004451990127,0.8825094103813171,17,72232
56,FC,55,0.1175907701253891,0.2124315351247787,0.9575342535972596,46,72232
56,KANConv_M5,789,0.1147311404347419,0.2129699885845184,0.9342485666275024,34,72227
56,KANConv_M5,2026,0.1065745577216148,0.2027509957551956,0.8678299188613892,35,72227
56,KANConv_M5,11,0.1082406863570213,0.2056950777769088,0.8813971281051636,24,72227
56,KANConv_M5,22,0.1019849553704261,0.2056729793548584,0.8304569721221924,21,72227
56,KANConv_M5,33,0.110233373939991,0.2171921730041504,0.8976234197616577,28,72227
56,KANConv_M5,44,0.1116226613521575,0.2057139426469802,0.9089365005493164,44,72227
56,KANConv_M5,55,0.132729560136795,0.2358644008636474,1.0808086395263672,25,72227
56,Shared,789,0.1071962043642997,0.2047563642263412,0.8728921413421631,25,72190
56,Shared,2026,0.1231995970010757,0.2372739762067794,1.0032066106796265,17,72190
56,Shared,11,0.1035148948431015,0.1952087134122848,0.842915415763855,28,72190
56,Shared,22,0.1359044462442398,0.2418073713779449,1.1066615581512451,44,72190
56,Shared,33,0.1086842194199562,0.2047401368618011,0.8850088715553284,25,72190
56,Shared,44,0.1062418818473815,0.2090673893690109,0.8651211261749268,17,72190
56,Shared,55,0.1200371533632278,0.2234057784080505,0.9774551391601562,21,72190
56,Kernel,789,0.114561341702938,0.2144686877727508,0.9328657388687134,29,77266
56,Kernel,2026,0.1256291419267654,0.2385008931159973,1.0229904651641846,16,77266
56,Kernel,11,0.1165719479322433,0.2144857496023178,0.949238121509552,29,77266
56,Kernel,22,0.1270654946565628,0.23342365026474,1.03468656539917,23,77266
56,Kernel,33,0.1189530193805694,0.2425181865692138,0.9686270356178284,10,77266
56,Kernel,44,0.1116224974393844,0.2186770886182785,0.9089351296424866,12,77266
56,Kernel,55,0.1324750185012817,0.2409046590328216,1.0787358283996582,25,77266
56,Frozen,789,0.1119788959622383,0.2134785950183868,0.911837100982666,24,72184
56,Frozen,2026,0.104958988726139,0.2061783820390701,0.8546745181083679,23,72184
56,Frozen,11,0.1175644546747207,0.2174116373062133,0.9573200941085817,33,72184
56,Frozen,22,0.1041121408343315,0.2056347429752349,0.8477786183357239,23,72184
56,Frozen,33,0.1177033856511116,0.230928748846054,0.9584512710571288,28,72184
56,Frozen,44,0.117247425019741,0.2166157811880111,0.9547385573387146,27,72184
56,Frozen,55,0.1322366148233413,0.2379906773567199,1.0767946243286133,23,72184
56,LinearCalib,789,0.1288268566131591,0.2468235045671463,1.0490291118621826,17,72191
56,LinearCalib,2026,0.1113867610692977,0.2173422127962112,0.9070155024528505,15,72191
56,LinearCalib,11,0.116621121764183,0.219565749168396,0.9496384859085084,26,72191
56,LinearCalib,22,0.1093775629997253,0.2130733132362365,0.8906547427177429,27,72191
56,LinearCalib,33,0.1083525121212005,0.2036848068237304,0.8823078870773315,16,72191
56,LinearCalib,44,0.1159227564930915,0.2283382415771484,0.9439516663551332,17,72191
56,LinearCalib,55,0.1165715456008911,0.2180905789136886,0.9492350220680236,24,72191
73,FC,42,0.1145674064755439,0.2257909029722213,0.8879759311676025,20,72232
73,FC,123,0.1177404075860977,0.2236316800117492,0.912568747997284,15,72232
73,FC,456,0.1130619198083877,0.2222780883312225,0.8763074278831482,15,72232
73,FC,789,0.109244205057621,0.20705246925354,0.8467175960540771,21,72232
73,FC,2026,0.1145791113376617,0.2150285840034485,0.8880668878555298,37,72232
73,FC,11,0.1086216792464256,0.2101423889398574,0.8418924808502197,26,72232
73,FC,22,0.1155626401305198,0.2208045721054077,0.8956897258758545,26,72232
73,FC,33,0.1443897485733032,0.2473579049110412,1.119119644165039,43,72232
73,FC,44,0.1167721301317215,0.218238815665245,0.9050641655921936,24,72232
73,FC,55,0.1627910435199737,0.2656019628047943,1.261742353439331,36,72232
73,KANConv_M5,42,0.1060927882790565,0.2023509293794632,0.8222917318344116,30,72227
73,KANConv_M5,123,0.1041499674320221,0.1959398239850998,0.8072338700294495,18,72227
73,KANConv_M5,456,0.1061029508709907,0.2048685997724533,0.8223705887794495,21,72227
73,KANConv_M5,789,0.1198251619935035,0.2258272022008896,0.9287272095680236,21,72227
73,KANConv_M5,2026,0.1049968004226684,0.1985720843076706,0.8137971758842468,25,72227
73,KANConv_M5,11,0.1040233820676803,0.198857381939888,0.8062524795532227,22,72227
73,KANConv_M5,22,0.1001321598887443,0.1952979117631912,0.7760930061340332,29,72227
73,KANConv_M5,33,0.1156460493803024,0.22475166618824,0.8963361382484436,24,72227
73,KANConv_M5,44,0.1110153645277023,0.2059231251478195,0.8604452013969421,21,72227
73,KANConv_M5,55,0.1109725534915924,0.2103623449802398,0.8601133227348328,31,72227
73,Shared,42,0.1169258281588554,0.2221848368644714,0.9062553644180298,34,72190
73,Shared,123,0.1117208302021026,0.2174627035856247,0.8659130930900574,30,72190
73,Shared,456,0.1078083217144012,0.203209564089775,0.8355884552001953,24,72190
73,Shared,789,0.1060307249426841,0.2063995152711868,0.8218109011650085,17,72190
73,Shared,2026,0.1298180222511291,0.2423187494277954,1.006178855895996,22,72190
73,Shared,11,0.1069555059075355,0.2030155509710312,0.8289785385131836,24,72190
73,Shared,22,0.1155777350068092,0.21408511698246,0.895806610584259,25,72190
73,Shared,33,0.1153020113706588,0.2179701775312423,0.8936697840690613,25,72190
73,Shared,44,0.1101751327514648,0.2038389295339584,0.8539328575134277,27,72190
73,Shared,55,0.1219691708683967,0.2306656390428543,0.9453446865081788,19,72190
73,Kernel,42,0.1550309956073761,0.2535067200660705,1.2015968561172483,31,77266
73,Kernel,123,0.110018290579319,0.2053631544113159,0.8527172803878784,21,77266
73,Kernel,456,0.1677320450544357,0.277426153421402,1.3000383377075195,18,77266
73,Kernel,789,0.1181944161653518,0.2225649654865265,0.9160877466201782,20,77266
73,Kernel,2026,0.127641275525093,0.2285190671682357,0.9893073439598083,28,77266
73,Kernel,11,0.1082619279623031,0.2045492380857467,0.8391042351722717,15,77266
73,Kernel,22,0.126456931233406,0.2365208566188812,0.980128049850464,17,77266
73,Kernel,33,0.1217006668448448,0.2426345199346542,0.9432635307312012,7,77266
73,Kernel,44,0.1164115294814109,0.2217937707901001,0.902269184589386,17,77266
73,Kernel,55,0.1220992058515548,0.2245662063360214,0.9463525414466858,31,77266
73,Frozen,42,0.1130304634571075,0.2130352407693863,0.8760637044906616,34,72184
73,Frozen,123,0.1068994626402854,0.2066022008657455,0.8285440802574158,18,72184
73,Frozen,456,0.1073335409164428,0.2040275335311889,0.8319085836410522,21,72184
73,Frozen,789,0.1274890452623367,0.2348441034555435,0.9881274700164796,25,72184
73,Frozen,2026,0.1123880594968795,0.2134903967380523,0.8710845708847046,26,72184
73,Frozen,11,0.1169516816735267,0.2150525599718094,0.9064558148384094,40,72184
73,Frozen,22,0.1136984154582023,0.2164638936519622,0.8812406063079834,32,72184
73,Frozen,33,0.1171790733933448,0.2277099639177322,0.9082180857658386,24,72184
73,Frozen,44,0.1169691607356071,0.2204895913600921,0.906591296195984,16,72184
73,Frozen,55,0.1150361075997352,0.2207950949668884,0.891608715057373,19,72184
73,LinearCalib,42,0.1264360845088958,0.2427088320255279,0.979966402053833,14,72191
73,LinearCalib,123,0.118072897195816,0.2182152569293975,0.9151459336280824,35,72191
73,LinearCalib,456,0.1196205541491508,0.2304493486881256,0.92714124917984,18,72191
73,LinearCalib,789,0.110848918557167,0.2104435712099075,0.8591551184654236,21,72191
73,LinearCalib,2026,0.1353026032447815,0.2414546757936477,1.0486881732940674,25,72191
73,LinearCalib,11,0.1614211350679397,0.268022745847702,1.251124382019043,34,72191
73,LinearCalib,22,0.1174717843532562,0.22126205265522,0.9104868769645692,30,72191
73,LinearCalib,33,0.1090224161744117,0.2000107318162918,0.8449984788894653,32,72191
73,LinearCalib,44,0.1227680742740631,0.2282809764146804,0.9515367150306702,27,72191
73,LinearCalib,55,0.1109737828373909,0.2113000601530075,0.8601230382919312,14,72191
11,FC,42,0.2265805751085281,0.3578013777732849,5101.5556640625,39,72088
11,FC,123,0.2251482158899307,0.3673471808433532,5069.3056640625,51,72088
11,FC,456,0.206586942076683,0.3660315275192261,4651.390625,17,72088
11,FC,789,0.2169905453920364,0.3661998212337494,4885.63232421875,27,72088
11,FC,2026,0.2279997169971466,0.3588705956935882,5133.50830078125,52,72088
11,FC,11,0.2332606762647628,0.3637568354606628,5251.9609375,48,72088
11,FC,22,0.2038560360670089,0.3534744083881378,4589.9033203125,24,72088
11,FC,33,0.2121569514274597,0.3607133030891418,4776.80224609375,64,72088
11,FC,44,0.2236123383045196,0.3651627898216247,5034.724609375,35,72088
11,FC,55,0.2219152003526687,0.3860557675361633,4996.51318359375,10,72088
11,KANConv_M5,42,0.2119420319795608,0.3675806820392608,4771.962890625,39,72077
11,KANConv_M5,123,0.1875820904970169,0.3286783695220947,4223.4892578125,34,72077
11,KANConv_M5,456,0.1850721687078476,0.3274094760417938,4166.9765625,47,72077
11,KANConv_M5,789,0.1960571408271789,0.3395379185676574,4414.30712890625,34,72077
11,KANConv_M5,2026,0.1961945295333862,0.3492322862148285,4417.40087890625,32,72077
11,KANConv_M5,11,0.1383938491344452,0.2840078771114349,3115.9951171875,33,72077
11,KANConv_M5,22,0.2011058777570724,0.3493805825710296,4527.982421875,25,72077
11,KANConv_M5,33,0.1958017498254776,0.341173380613327,4408.5576171875,27,72077
11,KANConv_M5,44,0.1866879761219024,0.3440338373184204,4203.35693359375,29,72077
11,KANConv_M5,55,0.1891184598207473,0.3389603793621063,4258.08056640625,24,72077
11,Shared,42,0.2485415786504745,0.3954291045665741,5596.0166015625,7,72046
11,Shared,123,0.2072131782770156,0.3526195287704468,4665.4912109375,42,72046
11,Shared,456,0.2392041832208633,0.4073895812034607,5385.78125,17,72046
11,Shared,789,0.2078124433755874,0.3490498960018158,4678.982421875,41,72046
11,Shared,2026,0.2169813215732574,0.3711546063423157,4885.4248046875,31,72046
11,Shared,11,0.2003789544105529,0.3362683951854706,4511.615234375,41,72046
11,Shared,22,0.2096258848905563,0.3698956668376922,4719.8134765625,16,72046
11,Shared,33,0.1990748792886734,0.3530767261981964,4482.25341796875,10,72046
11,Shared,44,0.2271410226821899,0.3714785873889923,5114.17431640625,40,72046
11,Shared,55,0.2076300680637359,0.3426845371723175,4674.876953125,32,72046
11,Kernel,42,0.2698487043380737,0.4125387072563171,6075.75537109375,14,76396
11,Kernel,123,0.2689430117607116,0.4036599397659302,6055.3642578125,21,76396
11,Kernel,456,0.2271157354116439,0.374170184135437,5113.60498046875,13,76396
11,Kernel,789,0.2282052338123321,0.3793172836303711,5138.13525390625,12,76396
11,Kernel,2026,0.2375277280807495,0.3763668239116668,5348.03515625,25,76396
11,Kernel,11,0.2109021097421646,0.3529637157917022,4748.548828125,18,76396
11,Kernel,22,0.2263562679290771,0.369566798210144,5096.5048828125,31,76396
11,Kernel,33,0.2526106238365173,0.3887759447097778,5687.63330078125,31,76396
11,Kernel,44,0.2437094002962112,0.3929246664047241,5487.2177734375,17,76396
11,Kernel,55,0.2578404247760772,0.3961623013019562,5805.38525390625,24,76396
11,Frozen,42,0.2197274714708328,0.3705821335315704,4947.25537109375,34,72040
11,Frozen,123,0.2122037410736084,0.3503464162349701,4777.85546875,31,72040
11,Frozen,456,0.2109842300415039,0.3541362583637237,4750.3974609375,38,72040
11,Frozen,789,0.2333434969186782,0.3761554658412933,5253.8251953125,43,72040
11,Frozen,2026,0.2322859168052673,0.3764998614788055,5230.01416015625,57,72040
11,Frozen,11,0.1949772387742996,0.3391121327877044,4389.9931640625,34,72040
11,Frozen,22,0.2406934797763824,0.3689196109771728,5419.31396484375,54,72040
11,Frozen,33,0.2458794862031936,0.3810329437255859,5536.0791015625,63,72040
11,Frozen,44,0.2155616134405136,0.3865196108818054,4853.45947265625,10,72040
11,Frozen,55,0.1935524642467498,0.3387447893619537,4357.9140625,27,72040
11,LinearCalib,42,0.2027423083782196,0.3577574789524078,4564.82763671875,21,72046
11,LinearCalib,123,0.212256908416748,0.3602453470230102,4779.05224609375,45,72046
11,LinearCalib,456,0.2162714004516601,0.3613510131835937,4869.44091796875,41,72046
11,LinearCalib,789,0.2001929432153701,0.3403816819190979,4507.42724609375,43,72046
11,LinearCalib,2026,0.1922165900468826,0.3373957574367523,4327.83642578125,29,72046
11,LinearCalib,11,0.2345197945833206,0.3737750649452209,5280.310546875,60,72046
11,LinearCalib,22,0.2308250218629837,0.3709883689880371,5197.1220703125,44,72046
11,LinearCalib,33,0.2017986476421356,0.3503871262073517,4543.58056640625,38,72046
11,LinearCalib,44,0.2260306924581527,0.3676972091197967,5089.17578125,45,72046
11,LinearCalib,55,0.2554842531681061,0.4154785573482513,5752.333984375,9,72046
67,FC,42,0.1316459327936172,0.249565988779068,0.6854760050773621,23,72232
67,FC,123,0.1333633214235305,0.2673698961734772,0.6944184303283691,16,72232
67,FC,456,0.1188385635614395,0.2379381358623504,0.618788480758667,29,72232
67,FC,789,0.1432362198829651,0.2690736949443817,0.7458263635635376,27,72232
67,FC,2026,0.1386649012565612,0.2626236975193023,0.7220235466957092,31,72232
67,FC,11,0.1147072166204452,0.244900181889534,0.5972767472267151,14,72232
67,FC,22,0.1219475716352462,0.2443756312131881,0.6349770426750183,20,72232
67,FC,33,0.1193354204297065,0.2361322045326233,0.6213756799697876,24,72232
67,FC,44,0.1280152350664138,0.251510739326477,0.6665712594985962,39,72232
67,FC,55,0.1380340605974197,0.25017249584198,0.718738853931427,29,72232
67,KANConv_M5,42,0.1256881803274154,0.2451892644166946,0.654454231262207,28,72227
67,KANConv_M5,123,0.1169131621718406,0.2304059118032455,0.6087629795074463,25,72227
67,KANConv_M5,456,0.1220329329371452,0.2425343543291092,0.6354214549064636,18,72227
67,KANConv_M5,789,0.1249400824308395,0.2502060234546661,0.6505589485168457,29,72227
67,KANConv_M5,2026,0.1312189847230911,0.2619468569755554,0.6832529902458191,22,72227
67,KANConv_M5,11,0.1160284504294395,0.2373558133840561,0.6041563749313354,24,72227
67,KANConv_M5,22,0.1187252029776573,0.2393075674772262,0.6181982159614563,17,72227
67,KANConv_M5,33,0.1259153336286544,0.2551005482673645,0.6556369066238403,22,72227
67,KANConv_M5,44,0.1280031204223632,0.244387537240982,0.666508138179779,22,72227
67,KANConv_M5,55,0.1130588948726654,0.2314941138029098,0.5886939764022827,17,72227
67,Shared,42,0.1334196180105209,0.2634543180465698,0.6947116851806641,30,72190
67,Shared,123,0.1194681301712989,0.2389634996652603,0.6220666170120239,25,72190
67,Shared,456,0.1237969920039177,0.2414653748273849,0.6446068286895752,29,72190
67,Shared,789,0.1264013797044754,0.2345675677061081,0.658167839050293,36,72190
67,Shared,2026,0.1224831789731979,0.2485045045614242,0.6377659440040588,18,72190
67,Shared,11,0.1154764294624328,0.2295941263437271,0.6012819409370422,21,72190
67,Shared,22,0.1421362161636352,0.2629137933254242,0.7400986552238464,36,72190
67,Shared,33,0.1137487441301345,0.2360831797122955,0.5922859311103821,30,72190
67,Shared,44,0.1180408000946044,0.2341388314962387,0.6146345138549805,18,72190
67,Shared,55,0.1343756914138794,0.2521509826183319,0.6996898055076599,7,72190
67,Kernel,42,0.1404854506254196,0.2560829818248749,0.7315031290054321,20,77266
67,Kernel,123,0.1315240710973739,0.2546342611312866,0.684841513633728,27,77266
67,Kernel,456,0.162883386015892,0.288973331451416,0.8481284976005554,24,77266
67,Kernel,789,0.1577423065900802,0.2785243093967438,0.8213590979576111,31,77266
67,Kernel,2026,0.147102802991867,0.2706013023853302,0.7659595012664795,24,77266
67,Kernel,11,0.1397078037261963,0.275343120098114,0.727453887462616,23,77266
67,Kernel,22,0.1256092190742492,0.2506101727485657,0.6540431380271912,25,77266
67,Kernel,33,0.1377316862344741,0.2659579217433929,0.7171643972396851,20,77266
67,Kernel,44,0.1383319199085235,0.2625789940357208,0.7202897667884827,19,77266
67,Kernel,55,0.1437349617481231,0.2652674913406372,0.748423159122467,23,77266
67,Frozen,42,0.1195625513792038,0.2472072541713714,0.6225583553314209,10,72184
67,Frozen,123,0.1441918909549713,0.2619472146034241,0.7508024573326111,25,72184
67,Frozen,456,0.1168166100978851,0.2397530674934387,0.6082602143287659,25,72184
67,Frozen,789,0.1263679414987564,0.250291645526886,0.6579936742782593,23,72184
67,Frozen,2026,0.1391467154026031,0.267502874135971,0.7245322465896606,26,72184
67,Frozen,11,0.1185756623744964,0.2408157438039779,0.6174196600914001,27,72184
67,Frozen,22,0.1227456778287887,0.241216242313385,0.6391327977180481,17,72184
67,Frozen,33,0.1327166259288787,0.2609578967094421,0.6910510063171387,20,72184
67,Frozen,44,0.143680140376091,0.2601712942123413,0.7481377720832825,23,72184
67,Frozen,55,0.1159536391496658,0.2349933087825775,0.6037668585777283,23,72184
67,LinearCalib,42,0.1603400558233261,0.2647044062614441,0.8348853588104248,45,72191
67,LinearCalib,123,0.1364433616399765,0.2513670921325683,0.7104561924934387,35,72191
67,LinearCalib,456,0.1112654656171798,0.2300588935613632,0.5793555974960327,26,72191
67,LinearCalib,789,0.149672269821167,0.2818051874637604,0.7793384790420532,21,72191
67,LinearCalib,2026,0.1170739978551864,0.2397566437721252,0.6096004247665405,23,72191
67,LinearCalib,11,0.1630501002073288,0.2802940607070923,0.8489965200424194,21,72191
67,LinearCalib,22,0.1264166980981826,0.2425074875354766,0.6582474708557129,37,72191
67,LinearCalib,33,0.1213097795844078,0.2409479469060897,0.6316559910774231,27,72191
67,LinearCalib,44,0.1399870365858078,0.2720101773738861,0.7289080023765564,15,72191
67,LinearCalib,55,0.1331503540277481,0.2442539781332016,0.6933096051216125,32,72191
79,FC,42,0.1878141313791275,0.2974509298801422,1.6686981916427612,37,72232
79,FC,123,0.1853141337633133,0.2923296093940735,1.6464858055114746,33,72232
79,FC,456,0.1899515986442566,0.3106426894664764,1.687688946723938,13,72232
79,FC,789,0.1542440205812454,0.2697197198867798,1.3704330921173096,24,72232
79,FC,2026,0.2126196324825287,0.3242137432098388,1.8890905380249023,25,72232
79,FC,11,0.1840595453977584,0.3101161122322082,1.6353389024734497,10,72232
79,FC,22,0.1951245814561844,0.3077493011951446,1.7336500883102417,20,72232
79,FC,33,0.2556287050247192,0.3488011062145233,2.2712197303771973,19,72232
79,FC,44,0.1694226861000061,0.2921136319637298,1.5052930116653442,34,72232
79,FC,55,0.1792086213827133,0.3032785952091217,1.5922393798828125,8,72232
79,KANConv_M5,42,0.1954673081636428,0.3251616656780243,1.7366952896118164,15,72227
79,KANConv_M5,123,0.1465539783239364,0.2638314366340637,1.3021080493927002,20,72227
79,KANConv_M5,456,0.1747765243053436,0.2851808965206146,1.5528607368469238,25,72227
79,KANConv_M5,789,0.1947429031133651,0.3111799955368042,1.730258822441101,19,72227
79,KANConv_M5,2026,0.2161043584346771,0.3434422314167022,1.9200518131256104,14,72227
79,KANConv_M5,11,0.2066812366247177,0.3250440955162048,1.8363288640975952,18,72227
79,KANConv_M5,22,0.159680038690567,0.2790045440196991,1.418731451034546,24,72227
79,KANConv_M5,33,0.2078205645084381,0.3148109912872314,1.8464516401290887,24,72227
79,KANConv_M5,44,0.1785173863172531,0.2870443165302276,1.5860977172851562,26,72227
79,KANConv_M5,55,0.147520512342453,0.2651895582675934,1.310695767402649,24,72227
79,Shared,42,0.1897242218255996,0.3109659552574157,1.6856688261032104,9,72190
79,Shared,123,0.1826843321323394,0.2856751680374145,1.6231205463409424,36,72190
79,Shared,456,0.1595339328050613,0.2798405289649963,1.4174330234527588,16,72190
79,Shared,789,0.1894423365592956,0.2998560667037964,1.683164119720459,24,72190
79,Shared,2026,0.202847734093666,0.3055987358093261,1.8022691011428835,34,72190
79,Shared,11,0.164076343178749,0.2881327867507934,1.4577915668487549,14,72190
79,Shared,22,0.1898558437824249,0.3036338984966278,1.6868382692337036,39,72190
79,Shared,33,0.1721624732017517,0.2928128838539123,1.5296355485916138,22,72190
79,Shared,44,0.1894056349992752,0.3107105195522308,1.6828382015228271,21,72190
79,Shared,55,0.1756682246923446,0.2860923707485199,1.5607835054397583,28,72190
79,Kernel,42,0.2872735857963562,0.3949844539165497,2.5523791313171387,8,77266
79,Kernel,123,0.2324317991733551,0.3447962403297424,2.0651183128356934,9,77266
79,Kernel,456,0.2212674915790558,0.3326287567615509,1.965925693511963,13,77266
79,Kernel,789,0.2745949029922485,0.3854949176311493,2.4397308826446533,8,77266
79,Kernel,2026,0.2986945807933807,0.386395126581192,2.6538524627685547,21,77266
79,Kernel,11,0.2742188572883606,0.3723166584968567,2.436389923095703,14,77266
79,Kernel,22,0.307698130607605,0.4093295931816101,2.733847618103028,10,77266
79,Kernel,33,0.2640767097473144,0.3710522353649139,2.3462789058685303,11,77266
79,Kernel,44,0.2334797978401184,0.3384238481521606,2.074429988861084,13,77266
79,Kernel,55,0.3437296152114868,0.4062806069850921,3.0539815425872803,26,77266
79,Frozen,42,0.1840725541114807,0.308266818523407,1.6354546546936035,15,72184
79,Frozen,123,0.1854634135961532,0.3064613342285156,1.6478124856948853,10,72184
79,Frozen,456,0.1777882426977157,0.2895466089248657,1.5796196460723877,45,72184
79,Frozen,789,0.1765146255493164,0.2996984422206878,1.5683037042617798,20,72184
79,Frozen,2026,0.1993494033813476,0.3310423791408539,1.7711869478225708,14,72184
79,Frozen,11,0.1915094852447509,0.3114552795886993,1.7015304565429688,32,72184
79,Frozen,22,0.1585602313280105,0.2767568826675415,1.408781886100769,24,72184
79,Frozen,33,0.1795011311769485,0.2934231758117676,1.5948383808135986,23,72184
79,Frozen,44,0.1782453954219818,0.2844965159893036,1.5836811065673828,30,72184
79,Frozen,55,0.149326205253601,0.2682707607746124,1.326738953590393,18,72184
79,LinearCalib,42,0.1637834906578064,0.288147896528244,1.4551897048950195,28,72191
79,LinearCalib,123,0.157939612865448,0.2765357494354248,1.403267502784729,26,72191
79,LinearCalib,456,0.1658037006855011,0.2884192764759063,1.4731389284133911,13,72191
79,LinearCalib,789,0.1432313323020935,0.2638229429721832,1.2725869417190552,25,72191
79,LinearCalib,2026,0.1502434909343719,0.2611850202083587,1.334888935089111,36,72191
79,LinearCalib,11,0.1771476119756698,0.2861208021640777,1.5739277601242063,37,72191
79,LinearCalib,22,0.1547138094902038,0.2782160639762878,1.374606966972351,27,72191
79,LinearCalib,33,0.1584326773881912,0.2735462486743927,1.4076484441757202,41,72191
79,LinearCalib,44,0.1519300192594528,0.2790398299694061,1.3498733043670654,26,72191
79,LinearCalib,55,0.2026890963315963,0.3222277760505676,1.8008595705032349,13,72191
SQ1,FC,42,0.1368925422430038,0.2754122018814087,26166254.0,7,72088
SQ1,FC,123,0.1223106160759925,0.2543534934520721,23378994.0,6,72088
SQ1,FC,456,0.1221550479531288,0.2415031045675277,23349262.0,14,72088
SQ1,FC,789,0.1355615407228469,0.2507927417755127,25911836.0,20,72088
SQ1,FC,2026,0.1352002173662185,0.2670392990112304,25842770.0,8,72088
SQ1,FC,11,0.12317905575037,0.261689156293869,23544994.0,7,72088
SQ1,FC,22,0.1279108971357345,0.2589375376701355,24449458.0,9,72088
SQ1,FC,33,0.1326871514320373,0.2529885172843933,25362410.0,10,72088
SQ1,FC,44,0.1303658485412597,0.2580622732639313,24918704.0,10,72088
SQ1,FC,55,0.1349916905164718,0.2665192782878876,25802910.0,6,72088
SQ1,KANConv_M5,42,0.1284434646368026,0.2414370775222778,24551254.0,29,72077
SQ1,KANConv_M5,123,0.1307133287191391,0.2391380816698074,24985130.0,37,72077
SQ1,KANConv_M5,456,0.1290744096040725,0.2394070029258728,24671860.0,23,72077
SQ1,KANConv_M5,789,0.1216215640306472,0.2372418791055679,23247286.0,17,72077
SQ1,KANConv_M5,2026,0.1258879005908966,0.2583561241626739,24062774.0,5,72077
SQ1,KANConv_M5,11,0.1225679963827133,0.2352775335311889,23428190.0,24,72077
SQ1,KANConv_M5,22,0.1286697536706924,0.2391378283500671,24594512.0,23,72077
SQ1,KANConv_M5,33,0.1417898833751678,0.2684504687786102,27102352.0,7,72077
SQ1,KANConv_M5,44,0.1285963207483291,0.2448421865701675,24580468.0,15,72077
SQ1,KANConv_M5,55,0.1282536685466766,0.2610173523426056,24514978.0,9,72077
SQ1,Shared,42,0.1223357245326042,0.2366131991147995,23383792.0,20,72046
SQ1,Shared,123,0.1330404877662658,0.2733625769615173,25429956.0,6,72046
SQ1,Shared,456,0.1240313500165939,0.2394019663333892,23707910.0,23,72046
SQ1,Shared,789,0.1235343217849731,0.2443632930517196,23612904.0,17,72046
SQ1,Shared,2026,0.1323458850383758,0.2471567243337631,25297182.0,14,72046
SQ1,Shared,11,0.1356420814990997,0.2479727268218994,25927230.0,30,72046
SQ1,Shared,22,0.1289307475090026,0.2565017938613891,24644394.0,11,72046
SQ1,Shared,33,0.129778653383255,0.2485495954751968,24806472.0,10,72046
SQ1,Shared,44,0.1326617300510406,0.2561244070529938,25357554.0,24,72046
SQ1,Shared,55,0.1268419474363327,0.2403482496738433,24245134.0,14,72046
SQ1,Kernel,42,0.1316614896059036,0.2491620332002639,25166362.0,14,76396
SQ1,Kernel,123,0.129573717713356,0.240903839468956,24767294.0,12,76396
SQ1,Kernel,456,0.1299363225698471,0.2404653429985046,24836606.0,12,76396
SQ1,Kernel,789,0.1410706937313079,0.2477285861968994,26964878.0,11,76396
SQ1,Kernel,2026,0.1381404101848602,0.2471748739480972,26404776.0,14,76396
SQ1,Kernel,11,0.1351106762886047,0.2541602849960327,25825652.0,5,76396
SQ1,Kernel,22,0.14641635119915,0.2677828967571258,27986672.0,4,76396
SQ1,Kernel,33,0.1331001669168472,0.2655238211154938,25441358.0,4,76396
SQ1,Kernel,44,0.1466878354549408,0.2509826123714447,28038568.0,14,76396
SQ1,Kernel,55,0.1344135403633117,0.2533001601696014,25692400.0,7,76396
SQ1,Frozen,42,0.1235825419425964,0.245768517255783,23622120.0,16,72040
SQ1,Frozen,123,0.1237312778830528,0.2428742200136184,23650546.0,11,72040
SQ1,Frozen,456,0.1301258355379104,0.2607206106185913,24872830.0,6,72040
SQ1,Frozen,789,0.1226363629102706,0.2449758052825927,23441260.0,17,72040
SQ1,Frozen,2026,0.1344737857580185,0.2508503794670105,25703920.0,13,72040
SQ1,Frozen,11,0.1294789761304855,0.2431917339563369,24749186.0,16,72040
SQ1,Frozen,22,0.1368986666202545,0.2627591788768768,26167424.0,10,72040
SQ1,Frozen,33,0.1348223388195037,0.2535435855388641,25770544.0,8,72040
SQ1,Frozen,44,0.1575399041175842,0.2855654954910278,30112878.0,10,72040
SQ1,Frozen,55,0.1277195811271667,0.2505366802215576,24412886.0,12,72040
SQ1,LinearCalib,42,0.131016343832016,0.2541623413562774,25043046.0,9,72046
SQ1,LinearCalib,123,0.135586529970169,0.2763119637966156,25916614.0,7,72046
SQ1,LinearCalib,456,0.1342416256666183,0.2457335591316223,25659546.0,19,72046
SQ1,LinearCalib,789,0.1301173269748687,0.2514342367649078,24871202.0,17,72046
SQ1,LinearCalib,2026,0.1526271104812622,0.2896076440811157,29173826.0,7,72046
SQ1,LinearCalib,11,0.1229929700493812,0.247658759355545,23509428.0,12,72046
SQ1,LinearCalib,22,0.1365907788276672,0.2699695825576782,26108574.0,8,72046
SQ1,LinearCalib,33,0.1328961253166198,0.2489328980445861,25402356.0,15,72046
SQ1,LinearCalib,44,0.1366637647151947,0.2689793407917022,26122520.0,7,72046
SQ1,LinearCalib,55,0.1386315077543258,0.2771501839160919,26498648.0,7,72046
56,KANConv_base,42,0.1111396998167038,0.2110965847969055,0.9050036668777466,22,72226
56,KANConv_base,123,0.1102266758680343,0.2166622430086136,0.897568941116333,19,72226
56,KANConv_base,456,0.108649805188179,0.2031309604644775,0.884728729724884,81,72226
56,KANConv_base,789,0.1131346374750137,0.2107458263635635,0.9212485551834106,34,72226
56,KANConv_base,2026,0.1070055365562439,0.2041857838630676,0.8713393807411194,35,72226
56,KANConv_base,11,0.1065895482897758,0.2044811397790908,0.8679520487785339,24,72226
56,KANConv_base,22,0.100382499396801,0.2029088735580444,0.8174085021018982,23,72226
56,KANConv_base,33,0.1106231212615966,0.2176894694566726,0.9007973074913024,28,72226
56,KANConv_base,44,0.1146081089973449,0.2103995084762573,0.933246910572052,38,72226
56,KANConv_base,55,0.1301425993442535,0.2333635240793228,1.059743046760559,25,72226
73,KANConv_base,42,0.1083591058850288,0.2051256000995636,0.8398573994636536,32,72226
73,KANConv_base,123,0.1044195741415023,0.1969077289104461,0.809323251247406,18,72226
73,KANConv_base,456,0.1059203222393989,0.2026975899934768,0.8209551572799683,25,72226
73,KANConv_base,789,0.1225368827581405,0.2289633452892303,0.9497448801994324,21,72226
73,KANConv_base,2026,0.1029163673520088,0.200421541929245,0.79767245054245,19,72226
73,KANConv_base,11,0.1066681668162345,0.2017498612403869,0.8267514109611511,22,72226
73,KANConv_base,22,0.1014998257160186,0.1954753696918487,0.7866933345794678,29,72226
73,KANConv_base,33,0.1164140999317169,0.2262188792228698,0.9022890329360962,24,72226
73,KANConv_base,44,0.1146757677197456,0.2118246704339981,0.8888158202171326,16,72226
73,KANConv_base,55,0.1159153133630752,0.2175689339637756,0.8984232544898987,28,72226
11,KANConv_base,42,0.2128200829029083,0.3695088326931,4791.732421875,39,72076
11,KANConv_base,123,0.1766200512647628,0.3185125291347503,3976.673828125,31,72076
11,KANConv_base,456,0.1741292625665664,0.321640282869339,3920.593017578125,36,72076
11,KANConv_base,789,0.1933494657278061,0.3417669534683227,4353.34375,37,72076
11,KANConv_base,2026,0.2097644954919815,0.3615995645523071,4722.93505859375,29,72076
11,KANConv_base,11,0.1710429638624191,0.3070338666439056,3851.103759765625,39,72076
11,KANConv_base,22,0.220712810754776,0.3571192920207977,4969.4404296875,35,72076
11,KANConv_base,33,0.2326298952102661,0.3687623143196106,5237.7587890625,44,72076
11,KANConv_base,44,0.1957960575819015,0.3476377725601196,4408.4287109375,37,72076
11,KANConv_base,55,0.186257004737854,0.3353283703327179,4193.65380859375,24,72076
67,KANConv_base,42,0.1275526136159896,0.2480049282312393,0.6641621589660645,21,72226
67,KANConv_base,123,0.1193542256951332,0.235954150557518,0.6214735507965088,24,72226
67,KANConv_base,456,0.1221107617020607,0.2416548877954483,0.6358267664909363,18,72226
67,KANConv_base,789,0.1213120445609092,0.2524227201938629,0.6316677927970886,7,72226
67,KANConv_base,2026,0.1311592608690261,0.2637945413589477,0.6829419136047363,22,72226
67,KANConv_base,11,0.1149735674262046,0.2364766895771026,0.5986635684967041,24,72226
67,KANConv_base,22,0.1129601597785949,0.2312346547842025,0.5881797671318054,18,72226
67,KANConv_base,33,0.125001922249794,0.2519747614860534,0.6508808732032776,22,72226
67,KANConv_base,44,0.1196027472615242,0.2317070960998535,0.6227676272392273,30,72226
67,KANConv_base,55,0.1134050115942955,0.2317854613065719,0.5904961824417114,17,72226
79,KANConv_base,42,0.1956012994050979,0.325202077627182,1.7378859519958496,15,72226
79,KANConv_base,123,0.1764019280672073,0.2922336459159851,1.5673023462295532,16,72226
79,KANConv_base,456,0.1663342267274856,0.2793639898300171,1.4778525829315186,22,72226
79,KANConv_base,789,0.1918442100286483,0.3088802397251129,1.704504370689392,19,72226
79,KANConv_base,2026,0.2152606844902038,0.3429621458053589,1.9125560522079468,14,72226
79,KANConv_base,11,0.1952322572469711,0.3122656941413879,1.7346067428588867,27,72226
79,KANConv_base,22,0.167394757270813,0.2862768173217773,1.4872751235961914,29,72226
79,KANConv_base,33,0.1991267055273056,0.3077633082866668,1.769208312034607,24,72226
79,KANConv_base,44,0.1773291081190109,0.2848078310489654,1.57554030418396,26,72226
79,KANConv_base,55,0.1542122364044189,0.2702218890190124,1.370150804519653,18,72226
SQ1,KANConv_base,42,0.126268669962883,0.2386563569307327,24135556.0,27,72076
SQ1,KANConv_base,123,0.1269722431898117,0.2467498034238815,24270036.0,9,72076
SQ1,KANConv_base,456,0.1295712292194366,0.2402388155460357,24766820.0,23,72076
SQ1,KANConv_base,789,0.1211804077029228,0.2378239035606384,23162964.0,17,72076
SQ1,KANConv_base,2026,0.1261086165904998,0.2582055628299713,24104960.0,5,72076
SQ1,KANConv_base,11,0.1228577122092247,0.2357030808925628,23483570.0,24,72076
SQ1,KANConv_base,22,0.1328690201044082,0.2445033937692642,25397180.0,36,72076
SQ1,KANConv_base,33,0.1421335488557815,0.2690541446208954,27168046.0,7,72076
SQ1,KANConv_base,44,0.1297353655099868,0.248410552740097,24798194.0,15,72076
SQ1,KANConv_base,55,0.1283898502588272,0.2608647048473358,24541006.0,9,72076
56,MLPConv,42,0.1061137020587921,0.207266092300415,0.8640772700309753,24,72359
56,MLPConv,123,0.1033597737550735,0.2020194232463836,0.8416522145271301,17,72359
56,MLPConv,456,0.119788609445095,0.2271775752305984,0.9754312038421632,24,72359
56,MLPConv,789,0.11486369371414185,0.21551862359046936,0.9353278875350952,26,72359
56,MLPConv,2026,0.1103907898068428,0.2136520892381668,0.8989054560661316,24,72359
56,MLPConv,11,0.10783005505800247,0.2044246941804886,0.8780534267425537,37,72359
56,MLPConv,22,0.11083701252937317,0.20904894173145294,0.9025390148162842,24,72359
56,MLPConv,33,0.11235325783491135,0.2170676738023758,0.9148855805397034,26,72359
56,MLPConv,44,0.10390104353427887,0.20122671127319336,0.8460596799850464,23,72359
56,MLPConv,55,0.11950468271970749,0.22662600874900818,0.9731192588806152,25,72359
73,MLPConv,42,0.1100078672170639,0.21276576817035675,0.852636456489563,22,72359
73,MLPConv,123,0.11802342534065247,0.22249604761600494,0.9147624373435974,26,72359
73,MLPConv,456,0.11527879536151886,0.22279173135757446,0.8934897184371948,27,72359
73,MLPConv,789,0.11038543283939362,0.2122754603624344,0.8555627465248108,32,72359
73,MLPConv,2026,0.10982174426317215,0.21126477420330048,0.8511938452720642,19,72359
73,MLPConv,11,0.10826391726732254,0.19918714463710785,0.8391194939613342,21,72359
73,MLPConv,22,0.10835516452789307,0.20478598773479462,0.8398269414901733,18,72359
73,MLPConv,33,0.10907626897096634,0.2101476788520813,0.8454160690307617,22,72359
73,MLPConv,44,0.11236439645290375,0.20782598853111267,0.8709012866020203,23,72359
73,MLPConv,55,0.1295674443244934,0.23847541213035583,1.0042363405227661,33,72359
11,MLPConv,42,0.2132013440132141,0.35537150502204895,4800.3173828125,52,72190
11,MLPConv,123,0.208873450756073,0.3520117402076721,4702.87255859375,30,72190
11,MLPConv,456,0.20744025707244873,0.34462377429008484,4670.603515625,99,72190
11,MLPConv,789,0.1778900921344757,0.3244992792606354,4005.26953125,32,72190
11,MLPConv,2026,0.19617372751235962,0.34114012122154236,4416.93310546875,52,72190
11,MLPConv,11,0.20868198573589325,0.34648600220680237,4698.56201171875,69,72190
11,MLPConv,22,0.21967987716197968,0.36384129524230957,4946.18408203125,27,72190
11,MLPConv,33,0.1964513212442398,0.33960914611816406,4423.18310546875,34,72190
11,MLPConv,44,0.1911240965127945,0.3460194766521454,4303.23876953125,42,72190
11,MLPConv,55,0.220800518989563,0.3808212876319885,4971.4150390625,12,72190
67,MLPConv,42,0.14194104075431824,0.25560182332992554,0.7390822768211365,24,72359
67,MLPConv,123,0.11973434686660767,0.2213737964630127,0.6234528422355652,30,72359
67,MLPConv,456,0.11698522418737411,0.251244455575943,0.6091381311416626,15,72359
67,MLPConv,789,0.11876437067985535,0.2485591471195221,0.6184022426605225,17,72359
67,MLPConv,2026,0.1334669142961502,0.2579873204231262,0.6949577331542969,29,72359
67,MLPConv,11,0.12029612809419632,0.24263280630111694,0.6263779401779175,25,72359
67,MLPConv,22,0.12388522177934647,0.24357974529266357,0.6450662612915039,20,72359
67,MLPConv,33,0.12491309642791748,0.2374432384967804,0.6504184007644653,33,72359
67,MLPConv,44,0.12445802241563797,0.23755720257759094,0.6480488777160645,26,72359
67,MLPConv,55,0.1289987713098526,0.2453719675540924,0.671692430973053,18,72359
79,MLPConv,42,0.19048485159873962,0.30732178688049316,1.6924266815185547,24,72359
79,MLPConv,123,0.2036103457212448,0.32119402289390564,1.8090449571609497,21,72359
79,MLPConv,456,0.17535510659217834,0.29250624775886536,1.5580015182495117,23,72359
79,MLPConv,789,0.16712263226509094,0.27535322308540344,1.4848573207855225,28,72359
79,MLPConv,2026,0.20242208242416382,0.3244008421897888,1.7984870672225952,41,72359
79,MLPConv,11,0.18169310688972473,0.306766152381897,1.6143134832382202,11,72359
79,MLPConv,22,0.16339975595474243,0.27434882521629333,1.4517802000045776,21,72359
79,MLPConv,33,0.1811431497335434,0.29595184326171875,1.6094272136688232,25,72359
79,MLPConv,44,0.16494520008563995,0.2813680171966553,1.4655109643936157,21,72359
79,MLPConv,55,0.19432011246681213,0.3055020570755005,1.7265024185180664,27,72359
SQ1,MLPConv,42,0.1340688169002533,0.24347013235092163,25626510.0,20,72190
SQ1,MLPConv,123,0.13155141472816467,0.24326547980308533,25145320.0,15,72190
SQ1,MLPConv,456,0.12929746508598328,0.24211886525154114,24714494.0,23,72190
SQ1,MLPConv,789,0.1334107220172882,0.25377899408340454,25500724.0,10,72190
SQ1,MLPConv,2026,0.12893344461917877,0.2624300420284271,24644912.0,6,72190
SQ1,MLPConv,11,0.12433722615242004,0.24110481142997742,23766372.0,16,72190
SQ1,MLPConv,22,0.12337999790906906,0.25342419743537903,23583402.0,8,72190
SQ1,MLPConv,33,0.13901616632938385,0.25004518032073975,26572168.0,15,72190
SQ1,MLPConv,44,0.12984341382980347,0.25796693563461304,24818848.0,6,72190
SQ1,MLPConv,55,0.12360310554504395,0.2425074577331543,23626048.0,12,72190
